id,description,mfg,mfg_id,category_id
100000,IGBT NPT 1700 75A,IXYS,IXGT32N170,2
100001,IGBT W/DIODE 1200V 60A,International Rectifier,IRGP30B120KD-E,2
100002,IGBTs 300V 120A PDP IGBT,Fairchild Semiconductor,FGPF120N30TU,2
100003,.01uF 100V ±5% CERAM X7R,Kemet,C1206C103J1RACTU,3
100004,.01uF 630V ±10% CERAM X7R,Panasonic - ECG,ECJ-3FB2J103K,3
100005,.022uF 2000V ±5% FILM METAL POLYPRO,EPCOS Inc,B32672L8223J000,3
100006,.047uF 50V ±10% CERAM X7R,Panasonic - ECG,ECJ-1VB1H473K,3
100007,.15uF 3000V POLY FILM AXL,Cornell Dubilier Electronics,940C30P15K-F,3
100008,.1uF 100V ±10% CER X7R,Kemet,C1206C104K1RACTU,3
100009,.1uF 1600VDC POLY FILM AXIAL,Cornell Dubilier Electronics,940C16P1K-F,3
100010,.1uF 50V ±10% X7R,AVX Corporation,ECJ-1VB1H104K,3
100011,.1uF 630V ±5% POLY,Panasonic - ECG,ECW-F6104JL,3
100012,.22uF 250V METAL POLY,EPCOS Inc,B32529D3224J,3
100013,.27uF 100V ±10% X7R,Kemet,C1206C274K1RACTU,3
100014,.33uF 2000V POLY FILM AXL,Cornell Dubilier Electronics,940C20P33K-F,3
100015,.33uF 50V ±10% CERAM X7R,Murata Electronics,GRM319R71H334KA01D,3
100016,.39uF 50V CERAM X7R,Kemet,C1206C394K5RACTU,3
100017,.47uF 16V ±10% CERAM X7R,TDK Corporation,C2012X7R1C474K,3
100018,.47uF 2000V POLY FILM AXL,Cornell Dubilier Electronics,940C20P47K-F,3
100019,.68uF 250V METAL POLYPRO,EPCOS Inc,B32652A3684J,3
100020,1uF 25V ±10% CERAM X7R,Kemet,C1206C105K3RACTU,3
100021,.022uF 100V ±10% X7R,AVX Corporation,12061C223KAT2A,3
100022,10000pF 100V ±10% CERAM X7R,TDK Corporation,C2012X7R2A103K,3
100023,"10000pF 2000V -20%, +50% CERAM DISC RAD",AVX Corporation,68S103SCHCK,3
100024,10000pF 500V ±5% MICA RADIAL,Cornell Dubilier Electronics,CD30FD103J03,3
100025,10000uF 80V ±20% ELECT TUP SERIES,Cornell Dubilier Electronics,382LX103M080N052,3
100026,1000pF 1000V ±10% X7R,Kemet,C1206C102KDRACTU,3
100027,1000pF 100V ±1% NP0,AVX Corporation,12061A102FAT2A,3
100028,1000pF 100V ±5% MICA RADIAL,Cornell Dubilier Electronics,CD15FA102J03,3
100029,1000pF 500V ±5% MICA CHIP,Cornell Dubilier Electronics,MC22FD102J-F,3
100030,1000pF 500V MICA RADIAL,Cornell Dubilier Electronics,CD19FD102J03,3
100031,1000uF 50V ±20% ELECT FK,Panasonic - ECG,EEV-FK1H102M,3
100032,100pF 100V ±10% NP0,Kemet,C1206C101J1GACTU,3
100033,100pF 2000V ±5% NP0,Johanson Dielectrics Inc,202R18N101JV4E,3
100034,100pF 500V ±5% RF,AVX Corporation,SQCB7M101JATME/500,3
100035,100pF 50V ±5% NP0,Kemet,C0805C101J5GACTU,3
100036,100uF 100V ±20% ELECT MVA,United Chemi-Con,EMVA101ARA101MKE0S,3
100037,100uF 6.3V ±20% TANT,Kemet,T495B107M006ATE700,3
100038,100uF 63V ±20% TG ELECT,Panasonic - ECG,EEV-TG1J101Q,3
100039,10pF 500V ±5% RF,AVX Corporation,SQCB7M100JATME/500,3
100040,10pF 50V ±5% CERAM NP0,Kemet,C0805C100J5GACTU,3
100041,10pF 50V ±5% CERAM NP0,Yageo Corporation,CC1206JRNP09BN100,3
100042,10uF 16V ±20% TANT,ROHM Semiconductor,TCA1C106M8R,3
100043,10uF 25V ±10% TANT,Vishay/Sprague,TR3C106K025C0300,3
100044,10uF 350V ±20% ELECT EB,Panasonic - ECG,EEV-EB2V100SM,3
100045,10uF 750V ±10% METAL POLYPRO,EPCOS Inc,B32676G1106K,3
100046,10uF 80V ±20% ELECT FK,Panasonic - ECG,EEE-FK1K100XP,3
100047,120pF 50V ±5% NP0,AVX Corporation,06035A121JAT2A,3
100048,15000pF 100V ±5% X7R,AVX Corporation,12061C153JAT2A,3
100049,1500pF 2000V CERAM DISC Y5P,Panasonic - ECG,ECK-D3D152KBP,3
100050,1500pF 200V ±10% X7R,AVX Corporation,12062C152KAT2A,3
100051,1500pF 50V ±1% C0G,Vishay/Vitramon,VJ0805A152FXACW1BC,3
100052,150pF 100V ±5% NP0,Panasonic - ECG,ECJ-2VC2A151J,3
100053,150pF 50V ±5% NP0,AVX Corporation,12065A151JAT2A,3
100054,150uF 25V ±20% ELECT FK,Panasonic - ECG,EEE-FK1E151P,3
100055,150uF 6.3V SPEC POLYMER SMD,Panasonic - ECG,EEF-HE0J151R,3
100056,15pF 3000V ±2% CERAM,AVX Corporation,HQCCHA150GA19A,3
100057,16pF 50V ±5% CERAM C0G,Murata Electronics,GRM1885C1H160JA01D,3
100058,180uF 450V ±20% ELECT TS-UQ,Panasonic - ECG,EET-UQ2W181BA,3
100059,1uF 100V ±10% X7R,Taiyo Yuden,HMK316BJ105KL-T,3
100060,2.2uF 50V ±10% X7R,Murata Electronics,GCM31CR71H225KA55L,3
100061,1uF 25V ±10% X7R,Murata Electronics,GRM188R71E105KA12D,3
100062,2.2uF 100V ±20% CERAM X7R,Kemet,C4532X7R2A225M,3
100063,2.2uF 16V CERAM X7R,Kemet,C1206C225K4RACTU,3
100064,200pF 100V ±5% CERAM C0G,Murata Electronics,GRM2165C2A201JA01D,3
100065,200pF 500V MICA RADIAL,Cornell Dubilier Electronics,CD15FD201J03,3
100066,20pF 50V ±5% NP0,Yageo Corporation,CC1206JRNP09BN200,3
100067,20uF 750V ±10% METAL POLYPRO,EPCOS Inc,B32678G1206K,3
100068,22000pF 100V ±10% CERAM X7R,TDK Corporation,C2012X7R2A223K,3
100069,22000pF 100V ±5% CERAM X7R,AVX Corporation,12061C223JAT2A,3
100070,2200pF 200V ±10%  X7R,AVX Corporation,12062C222KAT2A,3
100071,2200pF 500V MICA RADIAL,Cornell Dubilier Electronics,CD19FD222J03,3
100072,2200pF 50V ±1% CERAM NP0,AVX Corporation,12065A222FAT2A,3
100073,2200uF 25V ±20% ELECT FK,Panasonic - ECG,EEV-FK1E222M,3
100074,1800uF 400V ELECT SNAP IN,Cornell Dubilier Electronics,382LX182M400B092V,3
100075,2200uF 400V ELECT TUP,Panasonic - ECG,ECE-P2GP222HE,3
100076,220pF 100V ±5% CERAM NP0,TDK Corporation,C2012C0G2A221J,3
100077,220pF 200V RF,AVX Corporation,SQCB2M221JAJME,3
100078,220pF 630V ±5% C0G,TDK Corporation,C3216C0G2J221J,3
100079,22uF 16V ±20% X5R,TDK Corporation,C3225X5R1C226M,3
100080,22uF 250V ELECT RADIAL,Panasonic - ECG,EEU-ED2E220,3
100081,2700pF 25V ±1% C0G,Kemet,C0805C272F3GACTU,3
100082,270pF 200V ±5% CERAM C0G,Kemet,C1206C271J2GACTU,3
100083,22pF 500V RF,AVX Corporation,SQCB7M220JAJME,3
100084,300pF 500V MICA RADIAL,Cornell Dubilier Electronics,CD15FD301J03,3
100085,30pF 1000V ±10% CERAM C0G,AVX Corporation,1206AA300KAT1A,3
100086,30pF 100V ±5% CERAM NP0,AVX Corporation,08051A300JAT2A,3
100087,33000pF 250V CERAM X7R,AVX Corporation,1206PC333KAT1A,3
100088,33000pF 50V ±5% CERAM X7R,AVX Corporation,06035C333JAT2A,3
100089,3300pF 200V ±10% X7R,AVX Corporation,12062C332KAT2A,3
100090,3300uF 16V ±20% ELECT FK,Panasonic - ECG,EEV-FK1C332M,3
100091,330pF 100V ±1% CERAM C0G,Kemet,C0805C331F1GACTU,3
100092,330pF 50V ±10% CERAM X7R,Yageo Corporation,CC1206KRX7R9BB331,3
100093,330uF 160V ±20% ELECT RADIAL,Panasonic - ECG,EEU-EE2C331,3
100094,330uF 50V ELECT FK,Panasonic - ECG,EEV-FK1H331Q,3
100095,3900uF 200V ±20% ELECT TUP,Panasonic - ECG,ECE-T2DP392FX,3
100096,3900uF 250V ELECT TUP,Panasonic - ECG,ECE-T2EP392FA,3
100097,39pF 3000V ±2%,AVX Corporation,HQCCHA390GAT9A,3
100098,4.7pF 500V RF,AVX Corporation,SQCB7M4R7CAJME,3
100099,4.7uF 25V ±5% X5R,Taiyo Yuden,TMK212BJ475KG-T,3
100100,4.7uF 50V ±10% TANT,Kemet,T495D475K050ATE275,3
100101,"4.7uF 50V -20%, +80% Y5V",Murata Electronics,GRM31CF51H475ZA01L,3
100102,43pF 7200V ±1% RF,AVX Corporation,HQCEMA430FAT9A,3
100103,47000pF 100V ±10% X7R,Murata Electronics,GRM31MR72A473KA01L,3
100104,4700pF 500V MICA RADIAL,Cornell Dubilier Electronics,CD19FD472J03,3
100105,4700pF 50V ±10% CERAM X7R,Kemet,C1206C472K5RACTU,3
100106,470pF 2000V ±10% CERAM X7R,AVX Corporation,1206GC471KAT1A,3
100107,470pF 200V RF,AVX Corporation,SQCB2M471JATME/500,3
100108,470pF 50V ±1% C0G,AVX Corporation,08055A471FAT2A,3
100109,470pF 50V ±5% CERAM NP0,Kemet,C1206C471J5GACTU,3
100110,470pF 50V ±10% CERAM X7R,Yageo Corporation,CC1206KRX7R9BB471,3
100111,470uF 63V ±20% ELECT FK,Panasonic - ECG,EEV-FK1J471M,3
100112,47pF 500V RF,AVX Corporation,SQCB7M470JATME/500,3
100113,47pF 50V ±5% NP0,Yageo Corporation,CC1206JRNP09BN470,3
100114,47uF 16V ±20% TANT,Kemet,B45196H3476M409,3
100115,47uF 25V ELECT FK,Panasonic - ECG,EEE-FK1E470P,3
100116,47uF 50V ±20% FK SMD ELECT,Panasonic - ECG,EEE-FK1H470XP,3
100117,560pF 100V ±5% C0G,Murata Electronics,GRM2165C2A561JA01D,3
100118,560pF 50V ±10% CERAM X7R,Yageo Corporation,CC1206KRX7R9BB561,3
100119,560uF 450V ELECT TUP SERIES,Panasonic - ECG,ECE-T2WP561EA,3
100120,56pF 50V ±5% CERAM NP0,AVX Corporation,12065A560JAT2A,3
100121,60uF 300V ±10% METAL POLYPRO,EPCOS Inc,B32678G3606K,3
100122,6800pF 50V ±10% CERAM X7R,Kemet,C1206C682K5RACTU,3
100123,6800uF 50V ELECT TSUP,Panasonic - ECG,ECO-S1HP682BA,3
100124,680PF 1000V ±10% RADIAL,TDK Corporation,CK45-R3AD681K-NR,3
100125,680pF 300V MICA RADIAL,Cornell Dubilier Electronics,CD15FC681J03,3
100126,68pF 100V CERAM NP0,Panasonic - ECG,ECJ-2VC2A680J,3
100127,68pF 3000V ±5% CERAM NP0,TDK Corporation,C4520C0G3F680K,3
100128,68pF 50V ±5% NP0,AVX Corporation,12065A680JAT2A,3
100129,820pF 50V ±1% C0G,Kemet,C0805C821F5GACTU,3
100130,82pF 100V ±5% CERAM C0G,Murata Electronics,GRM1885C2A820JA01D,3
100131,14POS 30AU HEADER LOPRO STR,Tyco Electronics/Amp,5103309-2,4
100132,14POS SGL PCB 30GOLD HEADER,FCI,69167-114HLF,4
100133,16POS .100 30AU HEADER VERT,Tyco Electronics/Amp,1-103414-4,4
100134,16POS .100 RECEPT VERT AU,Tyco Electronics/Amp,6-534237-4,4
100135,200POS SOCKET GOLD,Tyco Electronics/Amp,1834017-1,4
100136,20POS .1” 30AU HEADER VERT,Tyco Electronics/Amp,1-103414-8,4
100137,20POS .1” RCPT  SGL STR PCB,FCI,66951-020LF,4
100138,25POS D-SUB PLUG STR PCB AU,Tyco Electronics/Amp,2-5747704-0,4
100139,25POS D-SUB RCPT R/A 15GOLD,Tyco Electronics/Amp,1734350-2,4
100140,26POS .100 HEADER DUAL STR,3M,929852-01-13-10,4
100141,26POS HEADER RT ANGLE GOLD,3M,N2526-5002RB,4
100142,26POS Shrouded Header Straight,3M,2526-6002UB,4
100143,2Pos .1” Header VERT GOLD,Molex/Waldom Electronics Corp,22-28-4023,4
100144,2POS 2.5mm HEADER  STR TIN,Hirose Electric Co Ltd,DF1EC-2P-2.5DSA,4
100145,2POS TERM BLK HDR 7.62mm,Phoenix Contact,1804797,4
100146,3POS .100 HEADER  VERT GOLD,Molex/Waldom Electronics Corp,22-28-4033,4
100147,40POS 2mm HEADER RT/DUAL GLD,3M,151240-7422-TB,4
100148,40POS 2mm SOCKET STR PC SMD,3M,150240-2000-RB,4
100149,40POS Shrouded Header Straight,3M,2540-6002UB,4
100150,4POS TERM BLK HDR 7.62mm,Phoenix Contact,1804810,4
100151,"50POS SOCKET PCB VERT .1""",3M,8550-4500PL,4
100152,5POS .100 30AU HEADER VERT,Tyco Electronics/Amp,103414-3,4
100153,"5POS .1"" RECEPT  VERTICAL GOLD",Tyco Electronics/Amp,5-534237-3,4
100154,5POS TERM BLOCK HDR 10.16mm GRN,Phoenix Contact,1998962,4
100155,8POS 2mm HEADER DUAL GOLD,3M,151208-8422-TB,4
100156,8POS 2mm SOCKET,3M,150208-2000-RB,4
100157,8POS 3.96mm HEADER VH TOP,JST Sales America Inc.,B8P-VH(LF)(SN),4
100158,8POS 5.08mm HEADER RT ANG,Phoenix Contact,1757307,4
100159,8POS TERM BLOCK HDR 10.16mm GRN,Phoenix Contact,1998991,4
100160,96POS DIN PLUG VERT PCB,Tyco Electronics/Amp,5650470-5,4
100161,96POS DIN RECEPT VERT PCB,Tyco Electronics/Amp,5535043-5,4
100162,Banana Connectors R/A PCB,Deltron,571-0100,4
100163,10PIN CARDEDGE GOLD,,,4
100164,25POS D-SUB MALE R/A 30 GOLD,Tyco Electronics/Amp,5747238-2,4
100165,37POS D-SUB RCPT R/A,Norcomp Inc.,182-037-213R531,4
100166,DB-37 FEMALE SLD DIP NK,Norcomp Inc.,172-E37-213R021,4
100167,4POS DC Power Connectors JACK SOCKET,Kycon,KPJX-4S,4
100168,8PIN DIN FEMALE PCB,CUI Inc,SDS-80J,4
100169,12POS EDGE DUAL .1” FEM DIP,Sullins Connector Solutions,EBC06DRXH,4
100170,10POS .156 HEADER VERT GOLD,Molex Connector Corporation,26-61-4100,4
100171,40POS HEADER VERT LATCH GOLD,Assmann Electronics Inc,AWH40G-0232-T-R,4
100172,50POS HEADER VERT LATCH GOLD,Assmann Electronics Inc,AWH50G-0232-T-R,4
100173,10POS HEADER VH TOP 3.96mm,JST Sales America Inc,B10P-VH(LF)(SN),4
100174,"50POS HEADER FEMALE .1"" DL AU""",Sullins Connector Solutions,SFH11-PBPC-D25-ST-BK,4
100175,50POS HEADER R/A LO-PRO GOLD,Assmann Electronics Inc,AWHW50A-0202-T-R,4
100176,Banana Jack Insulated BLK,Emerson Network Power,108-0903-001,4
100177,JACK BNC R/A 50 Ohm PCB AU,Molex/Waldom Electronics Corp,73100-0105,4
100178,MEMORY SD/IO PUSH-PUSH SMD,Molex Connector Corporation,67913-8008,4
100179,MLF-8,Loranger,3722 09,4
100180,PLUG BANANA UNINSULATED 6-3,Emerson Network Power,108-0753-001,4
100181,POWER IN-LINE SOCKET 3/66,3M,203-2737-55-1102,4
100182,QFN 3x3,Plastronics,08QN65K13333,4
100183,QFN 6mmx5mm,Loranger,4262 081 X217,4
100184,QFN 6x5,Plastronics,08QN12T16050,4
100185,50POS Shrouded Header Straight,3M,2550-6002UB,4
100186,RT ANGLE SMA RECEPTACLE PCB,Amphenol-RF Division,901-143-6RFX,4
100187,STRAIGHT SMA RECEPTACLE  PCB,Amphenol-RF Division,901-144,4
100188,SO8 FL,Loranger,4270 091 6218A,4
100189,SOIC-16,Loranger,4337 161 X215,4
100190,SOIC-8,Loranger,4337 161,4
100191,T018,Loranger,03518 041 X255A,4
100192,T03 & T0204,Loranger,03534 052 X2X8C,4
100193,2POS TERM BLOCK HDR GREEN,Phoenix Contact,1998933,4
100194,3POS TERM BLOCK HDR GREEN,Phoenix Contact,1998946,4
100195,TERM W/ASSEMBLD SCREW HORZ,Keystone Electronics,7700,4
100196,TEST POINT PC MINI BLACK,Keystone Electronics,5001,4
100197,TEST POINT PC MINI BLACK,Keystone Electronics,5011,4
100198,TWIN BNC RECEPT BLKH POLAR,Amphenol-RF Division,31-2225,4
100199,USB TYPE B SOCKET R/A MOUNT,Keystone Electronics,924,4
100200,14POS 2mm Header,Molex/Waldom Electronics Corp,87831-1420,4
100201,24POS 2mm HEADER DUAL GOLD,3M,151224-8422-TB,4
100202,24POS 2mm SOCKET STR PC SMD,FCI,55510-124LF,4
100203,24V 2.08A 50W CONVERTER DC/DC,CUI Inc,VHB50W-Q24-S24,5
100204,5V 1000mA 6W DC/DC CONVERTER,CUI Inc,VAWQ6-Q48-S5H,5
100205,±12V ±1.80A CONVERTER DC/DC,Lambda Americas,PXF4024D12,5
100206,±2000V ±15mA CONVERTER DC/DC,Ultravolt,2AA24-P30,5
100207,3A 100V SCHOTTKY SMA,Micro Commercial Co.,SK310A-TP,6
100208,5W 33V ZENER,ON Semiconductor,1N5364BRLG,6
100209,1500V 6A,STMicroelectronics,DTV1500SDFP,6
100210,200V 30A FAST,Fairchild Semiconductor,FFPF30UP20STU,6
100211,800V 20A FAST REC,Vishay SGI,20ETS08S,6
100212,400V 20A HE UFAST,STMicroelectronics,STTH20R04G-TR,6
100213,125V LO LEAK,Fairchild Semiconductor,FDH333,6
100214,100V 200mA SCHOTTKY,STMicroelectronics,BAT41ZFILM,6
100215,100V 30A SCHOTTKY,STMicroelectronics,STPS30100ST,6
100216,100V 7A SCHOTTKY,Vishay IR,6CWQ10FN,6
100217,200mW 70V SCHOTTKY,"Diodes, Inc.",BAS70-04-7-F,6
100218,40V 3A SCHOTTKY,ROHM Semiconductor,RB051L-40TE25,6
100219,60V 12A SCHOTTKY,Vishay SGI,12CWQ06FN,6
100220,60V 3A SCHOTTKY,"Diodes, Inc.",B360A-13-F,6
100221,SMALL SIGNAL GP,Fairchild Semiconductor,LL4148,6
100222,1200V 20A STD REC,Vishay/Semiconductors,20ETS12S,6
100223,80V 100mA SWITCH,Panasonic - SSG,MA2J11100L,6
100224,TVS 11V 1500W ±5% BI SMD,Littelfuse Inc,1.5SMC11CA,6
100225,TVS 13V 1500W ±5% BI SMD,Littelfuse Inc,1.5SMC13CA,6
100226,TVS 16V 1500W ±5% BI SMD,Littelfuse Inc,1.5SMC16CA,6
100227,TVS 22V 1500W ±5% BI SMD,Littelfuse Inc,1.5SMC22CA,6
100228,80V 100mA SWITCH,ROHM Semiconductor,1SS355TE-17,6
100229,TVS 33V 1500W ±5% BI SMD,Littelfuse Inc,1.5SMC33CA,6
100230,TVS 9.1V 1500W ±5% BI SMD,Littelfuse Inc,1.5SMC9.1CA,6
100231,200V ULTRA FAST,Fairchild Semiconductor,FFD10UP20S,6
100232,200V 1A ULTRA FAST,ON Semiconductor,MURS120T3G,6
100233,200V 20A ULTRA FAST,Fairchild Semiconductor,FFB20UP20STM,6
100234,1000V 80A ULTRA FAST,Fairchild Semiconductor,RURG80100,6
100235,1000V 8A ULTRA FAST,Fairchild Semiconductor,RURP8100,6
100236,1200V 2A ULTRA FAST,STMicroelectronics,STTH212S,6
100237,350mW 15V ZENER,"Diodes, Inc.",MMBZ5245B-7-F,6
100238,300mW 68V ZENER,NXP Semiconductors,BZX585-C68 T/R,6
100239,350mW 3.3V ZENER,"Diodes, Inc.",BZX84C3V3-7-F,6
100240,500mW 39V ZENER,"Diodes, Inc.",BZT52C39-7-F,6
100241,500mW 4.7V ZENER,"Diodes, Inc.",BZT52C4V7-7-F,6
100242,500mW 12V ZENER,"Diodes, Inc.",BZT52C12-7-F,6
100243,500mW 15V ZENER,"Diodes, Inc.",BZT52C15-7-F,6
100244,500mW 18V ZENER,"Diodes, Inc.",BZT52C18-7-F,6
100245,500mW 2.0V ZENER,ON Semiconductor,MMSZ4679T1G,6
100246,500mW 20V ZENER,"Diodes, Inc.",BZT52C20-7-F,6
100247,500mW 3.3V ZENER,"Diodes, Inc.",BZT52C3V3-7-F,6
100248,500mW 3.9V ZENER,"Diodes, Inc.",BZT52C3V9-7-F,6
100249,500mW 4.3V ZENER,"Diodes, Inc.",BZT52C4V3-7-F,6
100250,500mW 43V ZENER,"Diodes, Inc.",BZT52C43-7-F,6
100251,500mW 5.1V ZENER,"Diodes, Inc.",BZT52C5V1-7-F,6
100252,500mW 5.6V ZENER,"Diodes, Inc.",BZT52C5V6-7-F,6
100253,500mW 6.8V ZENER,"Diodes, Inc.",BZT52C6V8-7-F,6
100254,500mW 75V ZENER,ON Semiconductor,MMSZ5267BT1,6
100255,12V 5W ZENER,Micro Commercial Co.,1N5349B-TP,6
100256,5W 18V ZENER,Micro Commercial Co.,1N5355B-TP,6
100257,5W 4.3V ZENER,"Diodes, Inc.",1N5336BG,6
100258,5W 6.8V ZENER,Micro Commercial Co.,1N5342B-TP,6
100259,500mW 9.1V ZENER,"Diodes, Inc.",MMSZ5239B-7-F,6
100260,300mW 18V SGL ZENER,"Diodes, Inc.",DDZX18C-7,6
100261,1.3W 15V ZENER,NXP Semiconductors,BZV85-C15,6
100262,0.01A 30V Low Leakage,Vishay/Siliconix,SSTPAD5-T1-E3,6
100263,Low Leakage 5pA,Vishay/Siliconix,SSTPAD5-E3,6
100264,565NM 5mm GREEN DIFF LED,Avago Technologies,HLMP-3507,7
100265,583NM 5mm YELLOW DIFF LED,Avago Technologies,HLMP-3401,7
100266,600NM 5mm ORANGE DIFF LED,Avago Technologies,HLMP-D401,7
100267,635NM 5mm HE RED DIFF LED,Avago Technologies,HLMP-3301,7
100268,635NM RED DIFF,Lumex Opto/Components Inc,SML-LX1206IW-TR,7
100269,3mm RED CLEAR HIGH BRIGHT LED,Stanley Electric Co,EFR3863X,7
100270,200V 3A RECT Fast Recovery,"Diodes, Inc.",RS3D-13,6
100271,1000V 1A RECTIFIER GPP,"Diodes, Inc.",S1M-13-F,6
100272,1000V 4500A 14mm ZNR SUR ABSORBER,Panasonic - ECG,ERZ-V14D102,22
100273,22V 1000A 14mm ZNR SUR ABSORBER,Panasonic - ECG,ERZ-V14D220,6
100274,240V 4500A 14mm ZNR SUR ABSORBER,Panasonic - ECG,ERZ-V14D241,6
100275,670V 4500A 14mm ZNR SUR ABSORBER,Panasonic - ECG,ERZ-V14D821,6
100276,680V 4500A 14mm ZNR SUR ABSORBER,Panasonic - ECG,ERZ-V14D681,6
100277,150V 6500A 20mm ZNR SUR ABSORBER,Panasonic - ECG,ERZ-V20D151,6
100278,360V 6500A 20mm ZNR SUR ABSORBER,Panasonic - ECG,ERZ-V20D361,6
100279,620V 6500A 20mm ZNR SUR ABSORBER,Panasonic - ECG,ERZ-V20D621,6
100280,120V 1250A 7mm ZNR SUR ABSORBER,Panasonic - ECG,ERZ-V07D121,6
100281,TVS 410V BV 14mm 510V CLAMP 4500A ZN,Panasonic - ECG,ERZ-V14D511,6
100282,TVS 38V 2000A S20K30,EPCOS Inc,S20K30,6
100283,420V 10mm RMS VARISTOR RADIAL,EPCOS Inc,S10K420E2,6
100284,TVS MULTI 14V 150A VARISTOR,Littelfuse Inc,V14MLA1206H,22
100285,4A 125V FUSE  FAST C1Q,Bel Fuse Inc,C1Q 4,23
100286,10-32 NYLON HEX NUT,The Nutty Company,0050-NYHN1032,24
100287,10-32 x 1-1/2 NYLON Panhead,The Nutty Company,0280-NYPMS1032112,24
100288,4-40 x 3/16 SMALL PATTERN NUT,The Nutty Company,0000-SPN440316,24
100289,4-40 x 1/2 Screw Phillips PH,B&F Fastener Supply,PMS 440 0050 PH,24
100290,4-40 x 1/4 Screw Phillips PH,Building Fasteners,PMS 440 0025 PH,24
100291,Standoff Hex F/F ALUM,Keystone Electronics,1808,24
100292,Standoff Hex M/F ALUM,Keystone Electronics,8402,24
100293,"-15V or Adjustable, High-Efficiency, Low IQ Inverting DC-to-DC Controllers \r\n",Maxim,MAX776CSA,25
100294,14MHz PRECISION LOWNOISE DUAL,National Semiconductor,LMP7712MM/NOPB,25
100295,16BIT SAMPLING A/D,Texas Instruments,ADS7805U,25
100296,175MHz LP V-FDBCK AMP,Texas Instruments,THS4082CD,25
100297,250mA HS BUFFER,Texas Instruments,BUF634T,25
100298,"262,214 word X 12 Bit FIFO",OKI,MSM54V12222B,25
100299,3-8 LINE DECOD/DEMUX,Texas Instruments,SN74LV138APWR,25
100300,4-BIT SYNC BIN CNTR,Texas Instruments,CD74AC163M96,25
100301,5V ECL F-F Dual Diff Data And Clk D-Type,ON Semiconductor,MC100EL29DWG,25
100302,5V/3.3V Programable Frequency Synthesizer,Micrel Inc.,SY89430VJZ,25
100303,8-CHANNEL RELAY DRIVER,Texas Instruments,TPL9201PWPR,25
100304,16BIT A/D CONV BIPLR,Texas Instruments,ADS8323Y/250,25
100305,12BIT ADC 25MSPS,Analog Devices Inc,AD9225ARZ,25
100306,AMP DIFF +/-250V MCRPWR,Linear Technology,LT1990ACS8#PBF,25
100307,AMP V-FEEDBACK DUAL HP,Analog Devices Inc,AD8058ARZ,25
100308,BUFFER CLOSED-LOOP HS,National Semiconductor,LMH6559MF/NOPB,25
100309,150mA BUFFER HI-SPEED,Linear Technology,LT1010CN8#PBF,25
100310,18V COMP DRVR/WINDOW,Intersil,ISL55100AIRZ-T,25
100311,COMP R-RINOUT SINGLE,Linear Technology,LT1711CMS8,25
100312,COMPARATOR PECL UFAST,Analog Devices Inc,ADCMP582BCP-R2,25
100313,COUNTER 8BIT SYNC ECL,ON Semiconductor,MC10EP016FAG,25
100314,D-TYPE F-F W/RESET - Check large reel box if bin is empty.,Texas Instruments,CD74AC273M,25
100315,16BIT DAC R-R QUAD,Texas Instruments,DAC8544IPFB,25
100316,5V-DUAL 15V DC/DC CONV,Texas Instruments,DCP010515DBP-U,25
100317,180MHz DDS DAC W/COMP,Analog Devices Inc,AD9851BRS,25
100318,DEBOUNCER SWITCH SGL,Maxim Integrated Products,MAX6816EUS+T,25
100319,DECODER BCD TO DECIMAL,STMicroelectronics,HCF4028M013TR,25
100320,DRIVER GATE HIGH SIDE,Fairchild Semiconductor,FAN7371MX,25
100321,DRIVER HIGH/LOW SIDE,International Rectifier,IR2104S,25
100322,DRIVER MOSFET 12A HS,Micrel Inc.,MIC4452YM,25
100323,DRIVER MOSFET 6A LOSIDE,"Micrel, Inc.",MIC4420ZM,25
100324,40MHz DRIVER PIN 3 STATE,Intersil,EL7156CSZ,25
100325,DUAL 2-4 LINE DECODER,Texas Instruments,SN74LS139AN,25
100326,DUAL D-TYPE FLIP-FLOP,Texas Instruments,SN74HC74D,25
100327,Dual JFET Precision Op Amp,Analog Devices Inc,OP282GS,25
100328,3MHz DUAL OPAMP JFET,Texas Instruments,TL072BCDR,25
100329,Dual PECL Comparators,Maxim Integrated Circuits,MAX9601EUP+,25
100330,DUAL POS-EDG-TRG D F-F,Texas Instruments,SN74AC74DR,25
100331,GATE NOR QUAD 2 INPUT,ON Semiconductor,MC100EP105FAR2,25
100332,GATE NOR QUAD 2 INPUT,Fairchild Semiconductor,74ACT02SC,25
100333,GATE OR/NOR 4INPUT ECL,ON Semiconductor,MC10EP101FAR2,25
100334,HEX INV BUFF/DRVR HV OC,Texas Instruments,SN7406D,25
100335,HEX INVERTER,Texas Instruments,SN74ACT04DR,25
100336,HEX INVERTER,Texas Instruments,SN74LVC04ADR,25
100337,HEX SCHMITT-TRIG INV,Texas Instruments,SN74LV14AD,25
100338,HIGH CURR/PWR OPAMP,Texas Instruments,OPA551UA,25
100339,HIGH VOLTAGE OP AMP,Texas Instruments,OPA445AU,25
100340,10 Ohm High-Current  SPST-NO CMOS SWITCH,Maxim,MAX4656ESA+,25
100341,IC REG LDO 3.3V 3A DDPAK,Texas Instruments,LM1085IS-3.3/NOPB,25
100342,41mA ±12V 1W 5V/12V DC/DC Convertor,Texas Instruments,DCP010512DBP-U,25
100343,Isolation Amplifier - USE 100344,Texas Instruments,ISO122JU,25
100344,50KHz OP-AMP ISO SGL,Texas Instruments,ISO124U,25
100345,5V 500mA LDO REG NEG,Linear Technology,LT1175IST-5#PBF,25
100346,LDO REGULATOR +5V,STMicroelectronics,LD1117S50CTR,25
100347,MIXER/OSC DOUBLE-BAL,NXP Semiconductors,SA612AD/01,25
100348,MONO MULTIVIBRATR DUAL,Texas Instruments,SN74LV123ADR,25
100349,MONO PIN DVR HS,Intersil,EL7154CSZ,25
100350,MULTIPLIER ANALOG,Analog Devices Inc,AD633ARZ,25
100351,MUX DUAL 2:1 DIFF 5V,ON Semiconductor,MC100EP56DWG,25
100352,NEGATIVE REG -15V,STMicroelectronics,L7915CD2T-TR,25
100353,NEGATIVE VOLT REG -5V,STMicroelectronics,L7905CD2T,25
100354,NOR GATE 3-IN TRPL,Texas Instruments,SN74LV27ADR,25
100355,OCT BUFF LINE/MOS DRVR,Texas Instruments,SN74ABT2245DWR,25
100356,3.3V OCT BUS TXCVR,Texas Instruments,SN74LV245ADW,25
100357,OCT BUS XCVR/SHIFTER,Texas Instruments,SN74LVC4245ADW,25
100358,Inverter Dual 4-INPUT,Texas Instruments,SN74LVC240ADWR,25
100359,OCTAL D-TYPE F/F W/CLR,STMicroelectronics,74ACT273MTR,25
100360,3MHz OP-AMP  RRIO,Texas Instruments,TLV2371IDR,25
100361,250MHz OP-AMP QUAD LP,Intersil,EL2480CS,25
100362,45MHz 250V/US OP-AMP,Linear Technology,LT1220CS8,25
100363,25MHz OP-AMP HISPD DUAL,Linear Technology,LT1358CS8,25
100364,70MHz OP-AMP HISPD DUAL,Linear Technology,LT1364CS8#PBF,25
100365,70MHz OP-AMP HISPD QUAD,Linear Technology,LT1365CS#PBF,25
100366,1.2GHz OP-AMP SHUTDOWN,National Semiconductor,LMH6703MA,25
100367,OP-AMP DUAL BIAS-CURR LN,Analog Devices Inc,AD8672ARZ,25
100368,OP-AMP DUAL HS LP,Analog Devices Inc,AD826AR-REEL7,25
100369,OP-AMP FET-IN HP HS,Analog Devices Inc,AD8065ARZ,25
100370,1.8MHz OP-AMP GP SGL,Texas Instruments,OPA452TA-1,25
100371,1MHz OP-AMP GP QUAD,Texas Instruments,LT1014DIDW,25
100372,200MHz OP-AMP QUAD,Intersil,ISL55004IBZ,25
100373,OP-AMP QUAD JFET HS LP,Analog Devices,OP482GSZ,25
100374,OP-AMP R-R FET-IN LP,Analog Devices Inc,AD820ARZ,25
100375,700MHz OP-AMP VFB  DUAL,Texas Instruments,OPA2652U,25
100376,OP-AMP VF DUAL LDIST LN,Analog Devices Inc,AD8056ARZ,25
100377,Opto Photo2 Output,Fairchild Semiconductor,FOD8173SD,25
100378,OPTOCOUPL T-OUT VDE,Fairchild Semiconductor,H11A8173SD,25
100379,Optocoupler Dual BI 15MBD,Avago Technologies,ACSL-6210-00RE,25
100380,Optocoupler Quad 15MBD,Avago Technologies,ACSL-6400-00TE,25
100381,OPTOCOUPLER QUAD BIDIR,Avago Technologies,ACSL-6420-00TE,25
100382,OPTOCOUPL T-OUT,Fairchild Semiconductor,MOC207M,25
100383,OPTOISOLATOR 1CH DARL OUT HI VCE,NEC,PS2832-1-F3,25
100384,OPTOISOLATOR 4CH TRANS,NEC,PS2801-4-A,25
100385,PHS/FREQ DISCRIMINATOR,Analog Devices Inc,AD9901KPZ,25
100386,15V POSITIVE REGULATOR,STMicroelectronics,L78M15CDT-TR,25
100387,5V 1.5A POSITIVE REGULATOR,STMicroelectronics,L7805CD2T-TR,25
100388,PREC SHUNT REG ADJ LV,Texas Instruments,TLVH431BCDBZR,25
100389,PREC SHUNT REG ADJ LV,Texas Instruments,TLVH432BCDBZR,25
100390,REF PREC MICROPWR ADJ,National Semiconductor,LM4051AIM3-ADJ/NOPB,25
100391,PROM SRL FOR 2M GATE,"Xilinx, Inc.",XCF02SVOG20C,25
100392,PROM SRL FOR 4M GATE,"Xilinx, Inc.",XCF04SVOG20C,25
100393,PWM FAN SPD CONTRLR SD,Microchip Technology,TC648VOA713,25
100394,QUAD 2-IN EX-OR GATE,Texas Instruments,SN74AC86D,25
100395,QUAD 2-IN NAND GATE,Texas Instruments,SN74LVC00AD,25
100396,QUAD 2-IN POS-AND GATE,Texas Instruments,SN74ACT08DR,25
100397,QUAD 2-IN POS-OR GATE,Texas Instruments,SN74AHC32DR,25
100398,QUAD 2-INPUT AND GATE,Texas Instruments,SN74LVC08ADR,25
100399,QUAD 2IN POS-NAND GATE,Texas Instruments,SN74ACT00DR,25
100400,QUAD JFET-IN OP-AMP,Texas Instruments,TL074CDR,25
100401,QUAD JFET-IN OP-AMP,STMicroelectronics,TL084CDT,25
100402,R-R OP-AMP DUAL HS,Texas Instruments,TLV2372IDR,25
100403,REF VOLT PREC LDO,National Semiconductor,LM4130AIM5-2.5/NOPB,25
100404,REG BUCK 3A STEPDOWN,Micrel Inc.,MIC4576WT,25
100405,42V 3A REG BUCK,National Semiconductor,LM25576MH/NOPB,25
100406,1A REG LDO POS,"Diodes, Inc.",AP1122EG-13,25
100407,500mA 3.3V REG LDO LN,Micrel Inc.,MIC5209-3.3YS,25
100408,1.5V 1.5A  REG LDO POS,STMicroelectronics,LD1086D2T15R,25
100409,2.5V 3A REG LDO POS,STMicroelectronics,LD1085D2M25R,25
100410,REG NEG LDO ADJ V 1A,National Semiconductor,LM2991S/NOPB,25
100411,REG SIMPLE SWITCHER,National Semiconductor,LM2677T-3.3,25
100412,REG UNIVERSAL SW SUBSYS,National Semiconductor,LM78S40CN/NOPB,25
100413,REMOTE 8BIT I/O EXP,Texas Instruments,PCA9557DGVR,25
100414,SAMPLE & HOLD AMP 700NS,Analog Devices Inc,AD781JNZ,25
100415,16K 2.5V-5.5V SERIAL EEPROM,Microchip Technology,24LC16B/SN,25
100416,250K SPARTAN-3E FPGA,"Xilinx, Inc.",XC3S250E-4PQG208C,25
100417,500K SPARTAN-3E FPGA,"Xilinx, Inc.",XC3S500E-4PQG208C,25
100418,100K SPARTAN-II FPGA,"Xilinx, Inc.",XC2S100-5PQG208C,25
100419,200K SPARTAN-II FPGA,"Xilinx, Inc.",XC2S200-5PQG208C,25
100420,64K 2.5V 8KX8 SRL EE,Microchip Technology,24LC64-I/SNG,25
100421,5 Ohm Analog Quad Switch,Analog Devices Inc,ADG451BRZ,25
100422,Analog Quad Switch SPST,Intersil,DG411DYZ,25
100423,SW ANALOG QUAD SPST,Intersil,DG412DYZ,25
100424,SWITCH ANLG QUAD POSLOG,Analog Devices Inc,ADG1212YRUZ,25
100425,SWITCH ANLG QUAD SPST,"Analog Devices, Inc.",ADG1211YRUZ,25
100426,TRIP 3-IN NAND GATE,Texas Instruments,SN74LV10ADR,25
100427,USB INTERFACE SX2,Cypress Semiconductor Corp,CY7C68001-56PVXC,25
100428,USB TO PARALLEL FIFO,FTDI,FT245RL,25
100429,USB-PARALLEL FIFO MODULE,DLP Design,UM245R,25
100430,VOLT COMPARATOR QUAD,Texas Instruments,TLC3704CNSR,25
100431,VOLT-FDBK AMP DUAL HS,Analog Devices Inc,AD8066ARZ,25
100432,VOLT-FDBK AMP SNGL,Analog Devices Inc,AD8055AR,25
100433,5V Voltage Comparator,Linear Technology,LT1011CS8,25
100434,WAVEFORM GEN PROG,Analog Devices Inc,AD9833BRM,25
100435,XLATOR DL TTL/CMOS-PECL,ON Semiconductor,MC100EPT22DG,25
100436,.27uH ±5% FIXED,Panasonic - ECG,ELJ-NDR27JF,26
100437,100uH ±10% IHM-2 P12,Vishay/Dale,IHM-2 100 ±10% P12,26
100438,100uH ±10% TOROID,J.W. Miller,PM2120-101K-RC,26
100439,10uH 140mA ±10%,TDK Corporation,GLF2012T100K,26
100440,1uH 1.2A,Murata Electronics,LQM31PN1R0M00L,26
100441,4700nH 90mA ±5%,EPCOS Inc,B82498F1472J,26
100442,47uH 230mA ±10%,EPCOS Inc,B82422H1473K,26
100443,68uH ±15% Vertical,J.W. Miller,2311-V-RC,26
100444,2mH CHOKE COMMON MODE,J.W. Miller,PM3700-50-RC,26
100445,100uH ±10% CHOKE RF HI CURR,J.W. Miller,1130-101K-RC,26
100446,22uH COIL MOLDED SHIELDED,API Delevan Inc,1641R-223K,26
100447,47uH COIL MOLDED SHIELDED,API Delevan Inc,1641R-473K,26
100448,4.7uH ±20% HIGH CURRENT,Coiltronics,HCM0703-4R7-R,26
100449,4.7uH HIGH CURRENT,Coiltronics,HCP0703-4R7-R,26
100450,IHM-2 68 ±10% P12,Vishay/Dale,IHM-2 68 ±10% P12,26
100451,10.2uH 4.3A 260KHz KLIPMT,Pulse,P0845NL,26
100452,1.5uH 50mA ±10% MULTILAYER,TDK Corporation,MLF1608A1R5K,26
100453,2.2uH 50mA ±10% MULTILAYER,TDK Corporation,MLF2012A2R2K,26
100454,15uH 5A 260KHz PWR,Pulse,P0846SNL,26
100455,15uH PWR UNSHIELD,Pulse,P0751.153NLT,26
100456,22uH PWR UNSHIELD,Pulse Electronics Corp.,P0751.223NLT,26
100457,4.7uH PWR UNSHIELD,Pulse Electronics Corp.,P0751.472NLT,26
100458,6.8uH PWR UNSHIELD,Pulse,P0751.682NLT,26
100459,22uH SHIELD PWR 10145,TDK Corporation,SLF10145T-220M1R9-PF,26
100460,33uH SHIELD PWR,Coiltronics,DR127-330-R,26
100461,1.2KV 7A N-CH,Microsemi,APT7M120B,27
100462,1000V 6.5A N-CH,STMicroelectronics,STF8NK100Z,27
100463,100V 180A N-CH,IXYS,IXTP180N10T,27
100464,100V 44A N-CH,IXYS,IXTY44N10T,27
100465,100V 52A P-CH,IXYS,IXTA52P10P,27
100466,100V 700mA P-CH,"Zetex, Inc.",ZXMP10A13FTA,27
100467,100V 800mA N-CH,"Zetex, Inc.",ZXMN10A07FTA,27
100468,1500V 4A N-CH,STMicroelectronics,STW4N150,27
100469,1000V 3A N-CH,STMicroelectronics,STP3NB100,27
100470,200V 60mA N-CH,"Zetex, Inc.",ZVN3320FTA,27
100471,250V 16A N-CH,Fairchild Semiconductor,FQD16N25CTM,27
100472,250V 90A N-CH,IXYS,IXTK90N25L2,27
100473,300V 60A  N-CH,STMicroelectronics,STW75NF30,27
100474,30V 11.6A N-CH,Fairchild Semiconductor,FDS8880,27
100475,30V 5.3A  P-CH,Fairchild Semiconductor,SI9435DY,27
100476,40V 80A N-CH,Fairchild Semiconductor,FDP8441,27
100477,500V 11.5A N-CH,Fairchild Semiconductor,FDB12N50TM,27
100478,500V 15A N-CH,Fairchild Semiconductor,FDB15N50,27
100479,600V 35A Power SuperFET,Fairchild Semiconductor,FCA35N60,27
100480,60V 1.2A N-CH,"Zetex, Inc.",ZXMN6A07FTA,27
100481,60V 110A P-CH,Vishay SGI,SUM110P06-07L-E3,27
100482,60V 0.7A P-CHAN,Infineon Technologies,TP0610K-T1-E3,27
100483,60V 350mW N-CH,"Diodes, Inc.",DMN601K-7,27
100484,60V 47A P-CH,Fairchild Semiconductor,FQP47P06,27
100485,650V 11A N-CH,Infineon Technologies,SPB11N60C3,27
100486,650V 12A N-CH,Infineon Technologies,IPP60R250CP,27
100487,650V 15.5A N-CH,STMicroelectronics,STP19NM65N,27
100488,800V 250mA N-CH,STMicroelectronics,STN1NK80Z,27
100489,900V 40A N-CH,STMicroelectronics,STE40NK90ZD,27
100490,100V 17A N-CH,International Rectifier,IRF530NPBF,27
100491,100V 180A N-CH,International Rectifier,IXFX180N10,27
100492,1000V 3.1A N-CH,Vishay/Siliconix,IRFPG30PBF,27
100493,200V 3.3A N-CH,International Rectifier,IRF610PBF,27
100494,200V 9A N-CH,STMicroelectronics,IRF630,27
100495,650V 8.5A N-CH,Vishay SGI,IRFB9N65APBF,27
100496,50V 200mA N-CH,ON Semiconductor,BSS138LT1G,27
100497,600V 2.4A N-CH,Fairchild Semiconductor,FQU3N60CTU,27
100498,600V 7A N-CH,Fairchild Semiconductor,FCP7N60,27
100499,400V 1.8A P-CH,Vishay SGI,IRFU9310,27
100500,100V 12A P-CH,Vishay/Siliconix,IRF9530S,27
100501,100V 12A P-CH,Vishay/Siliconix,IRF9530PBF,27
100502,200V 6.5A P-CH,International Rectifier,IRF9630PBF,27
100503,20V 3.7A P-CH,International Rectifier,IRLML6402TRPBF,27
100504,60V 0.7A P-CH,Infineon Technologies,BSS84P L6327,27
100505,60V 1.25A P-CH,Fairchild Semiconductor,FDN5618P,27
100506,16MHz CRYSTAL SERIES,"ECS, Inc.",ECS-160-S-7S-TR,28
100507,20MHz 3.3V 1/2-SIZE,Abracon Corp.,ACHL-20.000MHZ-EK,28
100508,20MHz 5V 1/2-SIZE,Abracon Corp.,ACH-20.000MHZ-EK,28
100509,24MHz 20pF CRYSTAL,"ECS, Inc.",ECS-240-20-5PX-TR,28
100510,50MHz 5V OSCILLATOR 1/2-SIZE,Abracon Corp.,ACH-50.000MHZ-EK,28
100511,.5A 12VDC RELAY REED,Coto Technology,2341-12-000,29
100512,12V RELAY REED SIP DPST W/DIODE,Coto Technology,12/11/9092,29
100513,12V RELAY REED SIP HV SPST,Coto Technology,12/10/9104,29
100514,140mA RELAY OPTOMOS,Clare,CPC1390GRTR,29
100515,600V 90mA RELAY OPTOMOS,Clare,CPC1393GRTR,29
100516,5A 12VDC PC MOUNT SPST-NO GOLD,Omron Electronics Inc-ECB Div,G6B-1114P-US-AP-DC12,29
100517,100V 375mA Photovoltaic Relay,International Rectifier,PVA1354NSPBF,25
100518,12VDC RELAY REED PC MNT,Meder Electronic,LI12-1A85,29
100519,12V RELAY REED SIP HV SPST,Pickering Electronics Limited,104-1-A-12/3D,29
100520,12V RELAY REED SIP SPST,Coto Technology,9001-12-00,29
100521,.5A 12V RELAY REED SPST SIP,Coto Technology,12/10/9012,29
100522,350V 120mA RELAY SSR DPST,Omron Electronics Inc-ECB Div,G3VM-352F,29
100523,80V RELAY SSR SPST-NO,Omron Electronics Inc-ECB Div,G3VM-81LR,29
100524,SIP SERIES REED RELAY,SRC DEVICES,MSS41A12,29
100525,SIP SERIES REED RELAY,MEDER Electronic,SIL12-1A75-71L,29
100526,.001 Ohm 3.5W ±1% 4 TERMINAL,MICRO_OHM,SP625,1
100527,.001 Ohm 3W ±1% PRECISION,Ohmite,CS3FR001E,1
100528,.010 Ohm 25A ±5% CUR SENSE,Huntington Electric Inc.,MRS129801-5%,1
100529,.010 Ohm 36W ±2%,"Caddock Electronics, Inc.",MP2060-0.010-2%,1
100530,.010 Ohm 3W ±1% PRECISION,Ohmite,CS3FR010E,1
100531,.02 Ohm 60W ±1%,"Caddock Electronics, Inc.",MP2060-0.020-1%,1
100532,.025 Ohm 3W ±1% PRECISION,Ohmite,CS3FR025E,1
100533,.05 Ohm 3W ±1% CURRENT SENSE,Stackpole Electronics Inc,BR 3 .05 ±1% B,1
100534,.050 Ohm 3W ±1% PRECISION,Ohmite,CS3FR050E,1
100535,.050 Ohm 60W ±1%,"Caddock Electronics, Inc.",MP2060-0.050-1%,1
100536,.07 Ohm 1/4W ±1%,ROHM Semiconductor,WSL1206R0700FEA,1
100537,.075 Ohm 80W ±1%,Riedon,FNR 2-T227 0.075 Ohm ±1% 20PPM,1
100538,.10 Ohm 60W ±1%,"Caddock Electronics, Inc.",MP2060-0.10-1%,1
100539,.100 Ohm 3W 1% CURR SENSE,Ohmite,13FPR100E,1
100540,.20 Ohm 1/2W ±1%,Susumu Co Ltd,RL1632R-R200-F,1
100541,.20 Ohm 30W ±1%,"Caddock Electronics, Inc.",MP930-0.20-1%,1
100542,.30 Ohm 2W ±1%,Vishay/Dale,WSR2R3000FEA,1
100543,.47 Ohm 1/2W ±1%,Susumu Co Ltd,RL1632R-R470-F,1
100544,.50 OHM 2W ±1%  4-WIRE,"Caddock Electronics, Inc.",SR20-0.50-1%,1
100545,.50 Ohm 30W ±1%,"Caddock Electronics, Inc.",MP930-0.50-1%,1
100546,.5 Ohm 60W ±1%,"Caddock Electronics, Inc.",MP2060-0.50-1%,1
100547,0 Ohm 1/4W ±5%,ROHM Semiconductor,MCR18EZHJ000,1
100548,0 Ohm 1W ±5%,Vishay/Dale,CRCW25120000Z0EG,1
100549,1 Ohm 1/2W ±1%,Susumu Co Ltd,RL1632R-1R00-F,1
100550,1 Ohm 1/4W ±1%,ROHM Semiconductor,MCR18EZHFL1R00,1
100551,1 Ohm 1W ±5%,Vishay/Dale,CRCW25121R00JNEG,1
100552,1 Ohm 2W ±1%,Vishay/Dale,WSR21R000FEA,1
100553,1 Ohm 30W ±1%,Riedon,FPR2-T218 1.000 Ohm ±1%,1
100554,1 Ohm 5W ±5%,Stackpole Electronics Inc,HPC 12 1 ±5% R,1
100555,1 Ohm 60W ±1%,"Caddock Electronics, Inc.",MP2060-1.00-1%,1
100556,1 Ohm 80W ±1% FOIL,Riedon,FNR 2-T227 1 Ohm ±1% 15PPM,1
100557,1K Ohm 1W CARB COMP,Ohmite,OA102KE,1
100558,1.1K Ohm 1/10W ±0.1%,Panasonic - ECG,ERA-6YEB112V,1
100559,1.1K Ohm 1/4W ±5%,ROHM Semiconductor,MCR18EZPJ112,1
100560,1.24M Ohm 1/4W ±1%,ROHM Semiconductor,MCR18EZHF1244,1
100561,1.20K Ohm 1/4W ±1%,ROHM Semiconductor,MCR18EZHF1201,1
100562,1.33M Ohm 1/4W ±1%,ROHM Semiconductor,MCR18EZHF1334,1
100563,1.33M Ohm 1/8W ±1%,Yageo Corporation,9C08052A1334FKHFT,1
100564,1.40K Ohm 1/4W ±1%,ROHM Semiconductor,MCR18EZHF1401,1
100565,1.5K Ohm 1/4W ±1%,ROHM Semiconductor,MCR18EZHF1501,1
100566,1.5K Ohm ±5% ANTI-SURGE,Panasonic - ECG,ERJ-P14J152U,1
100567,1.8K Ohm 1/10W ±0.1%,Panasonic - ECG,ERA-6YEB182V,1
100568,1.8K Ohm 1/4W ±1%,ROHM Semiconductor,MCR18EZHF1801,1
100569,10 Ohm 1/4W ±0.1%,"Bourns, Inc.",CRT1206-BY-10R0ELF,1
100570,10 Ohm 1/4W ±1%,ROHM Semiconductor,MCR18EZHF10R0,1
100571,10 Ohm 1/4W ±1% METAL FILM,Panasonic - ECG,ERO-S2PHF10R0,1
100572,10 Ohm 1W ±1%,Panasonic - ECG,ERJ-1TNF10R0U,1
100573,10 Ohm 1W CARB COMP,Ohmite,OA100KE,1
100574,10 Ohm 30W ±1%,Riedon,FPR2-T218 10.000 Ohm ±1%,1
100575,10 Ohm 60W ±1%,"Caddock Electronics, Inc.",MP2060-10.0-1%,1
100576,100 Ohm 1/4W ±0.1%,Susumu Co Ltd,RGH2012-2E-P-101-B,1
100577,100 Ohm 1/4W ±1%,ROHM Semiconductor,MCR18EZHF1000,1
100578,100 Ohm 10W ±1% SILICONE WW,Vishay/Dale,RS010100R0FE73,1
100579,100 Ohm 1W ±1%,Panasonic - ECG,ERJ-1TNF1000U,1
100580,100 Ohm 1W CARB COMP,Ohmite,OA101KE,1
100581,100 Ohm 5W SILICONE,Huntington Electric Inc.,ALSR-5-100-1%,1
100582,100 Ohm 60W ±1%,"Caddock Electronics, Inc.",MP2060-100-1%,1
100583,1000M Ohm 1W ±1% THICK FILM,Ohmite,SM102031007F,1
100584,100K Ohm 1/10W ±0.1%,Panasonic - ECG,ERA-6YEB104V,1
100585,100K Ohm 1/4W ±0.1%,Vishay/Dale,TNPW1206100KBEEA,1
100586,100K Ohm 1/4W ±1%,ROHM Semiconductor,MCR18EZHF1003,1
100587,100K Ohm 1W ±1%,Panasonic - ECG,ERJ-1TNF1003U,1
100588,100K Ohm 1W ±5% METAL OXIDE,Huntington Electric Inc.,RSF100JB-100K,1
100589,100K Ohm 1W CARB COMP,Ohmite,OA104KE,1
100590,100K Ohm RES NET 9P 4RES SMD,Vishay/Thin FIlm,ORNTA1003AT1,1
100591,100M Ohm 1W ±1%,Ohmite,SM102031006F,1
100592,10K POT DIGITAL DUAL,Dallas Semiconductor,DS1868S-10+,1
100593,10K Ohm 1/10W ±0.1%,Panasonic - ECG,ERA-6YEB103V,1
100594,10K Ohm 1/10W ±1%,Panasonic - ECG,ERJ-3EKF1002V,1
100595,10K Ohm 1/4W ±1%,ROHM Semiconductor,MCR18EZHF1002,1
100596,10K Ohm 1W ±1%,Vishay/Dale,CRCW251210K0FKEG,1
100597,10K Ohm 5W SILICONE,Huntington Electric Inc.,ALSR-5-10.0K-1%,1
100598,10K Ohm 100mW ±0.1% QUAD NET PREC,Vishay/Thin FIlm,ORNTA1002AT1,1
100599,10M Ohm 1W ±1% THICK FILM,Ohmite,SM102031005F,1
100600,10M Ohm 1/4W ±1%,Vishay/Dale,CRCW120610M0FKEA,1
100601,11.3K Ohm 1/4W ±1%,ROHM Semiconductor,MCR18EZHF1132,1
100602,110K Ohm 1/4W ±1%,ROHM Semiconductor,MCR18EZHF1103,1
100603,11K Ohm 1/10W ±0.1%,Panasonic - ECG,ERA-6YEB113V,1
100604,11K Ohm 1/4W ±1%,ROHM Semiconductor,MCR18EZHF1102,1
100605,12 Ohm 60W ±1%,"Caddock Electronics, Inc.",MP2060-12.0-1%,1
100606,120 Ohm 1/4W ±1%,ROHM Semiconductor,MCR18EZHF1200,1
100607,120 Ohm 60W ±1%,"Caddock Electronics, Inc.",MP2060-120-1%,1
100608,124 Ohm 1/4W ±1%,ROHM Semiconductor,MCR18EZHF1240,1
100609,124K Ohm 1/4W ±1%,ROHM Semiconductor,MCR18EZHF1243,1
100610,127K Ohm 1/4W ±1%,ROHM Semiconductor,MCR18EZHF1273,1
100611,12.0K Ohm 1/4W ±1%,ROHM Semiconductor,MCR18EZHF1202,1
100612,13.7K Ohm 1/8W ±1%,Yageo Corporation,RC0805FR-0713K7L,1
100613,130 Ohm 1/10W ±1%,ROHM Semiconductor,MCR03EZPFX1300,1
100614,13K Ohm 1/4W ±1%,ROHM Semiconductor,MCR18EZHF1302,1
100615,143 Ohm 1/4W ±1%,ROHM Semiconductor,MCR18EZHF1430,1
100616,14K Ohm 1/4W ±1%,ROHM Semiconductor,MCR18EZHF1402,1
100617,15 Ohm 1/4W ±1%,ROHM Semiconductor,MCR18EZHF15R0,1
100618,15 Ohm 1/4W ±1% METAL FILM,Panasonic - ECG,ERO-S2PHF15R0,1
100619,15 Ohm 10W ±1% SILICONE WW,Vishay/Dale,RS01015R00FS73,1
100620,15.4K Ohm 1/4W ±1%,ROHM Semiconductor,MCR18EZHF1542,1
100621,150 Ohm 1/4W ±0.1%,Susumu Co Ltd,RGH2012-2E-P-151-B,1
100622,150 Ohm 1/4W ±1%,ROHM Semiconductor,MCR18EZHF1500,1
100623,150 Ohm 60W ±1%,"Caddock Electronics, Inc.",MP2060-150-1%,1
100624,150K Ohm 1/4W ±1%,ROHM Semiconductor,MCR18EZHF1503,1
100625,15K Ohm 1/10W ±0.1%,Panasonic - ECG,ERA-6YEB153V,1
100626,15K Ohm 1/4W ±1%,ROHM Semiconductor,MCR18EZHF1502,1
100627,15M Ohm 1/4W ±10%,Panasonic - ECG,ERJ-8GEYK156V,1
100628,16 Ohm 1/4W ±1%,Vishay/Dale,CRCW120616R0FKEA,1
100629,16.5K Ohm 1/4W ±1%,ROHM Semiconductor,MCR18EZHF1652,1
100630,160K Ohm 1/8W ±0.1%,Susumu Co Ltd,RG2012P-164-B-T5,1
100631,17.4K Ohm 1/4W ±1%,ROHM Semiconductor,MCR18EZHF1742,1
100632,18.7K Ohm 1/4W ±1%,ROHM Semiconductor,MCR18EZHF1872,1
100633,180 Ohm 1/10W ±1%,ROHM Semiconductor,MCR03EZPFX1800,1
100634,180 Ohm 1/4W ±1%,Vishay/Dale,CRCW1206180RFKEA,1
100635,180K Ohm 1/10W ±0.1%,Susumu Co Ltd,RR1220P-184-B-T5,1
100636,18K Ohm 1/10W ±0.1%,Panasonic - ECG,ERA-6YEB183V,1
100637,18K Ohm 1/4W ±1%,ROHM Semiconductor,MCR18EZHF1802,1
100638,19.1K Ohm 1/4W ±1%,ROHM Semiconductor,MCR18EZHF1912,1
100639,1K 5W ±5% Small Metal Oxide Resistors,Xicon,286-1.0K-RC,1
100640,1K Ohm .25W ±5% SMD,Ohmite,RC0S2CA1K00JE,1
100641,1K Ohm 1/4W ±1%,ROHM Semiconductor,MCR18EZHF1001,1
100642,1K Ohm 1/8W ±0.1%,Vishay/Dale,TNPW08051K00BETY,1
100643,1K Ohm 1W ±1%,Panasonic - ECG,ERJ-1TNF1001U,1
100644,1K Ohm 5W SILICONE,Huntington Electric Inc.,ALSR-5-1.0K-1%,1
100645,1K Ohm 60W ±1%,"Caddock Electronics, Inc.",MP2060-1.00K-1%,1
100646,1M Ohm 1/4W ±1%,ROHM Semiconductor,MCR18EZHF1004,1
100647,1M Ohm 1/8W ±0.1%,Susumu Co Ltd,RG2012P-105-B-T5,1
100648,1M Ohm 1W ±5% METAL OXIDE,Yageo Corporation,RSF100JB-1M0,1
100649,2 Ohm 1/2W ±1%,Susumu Co Ltd,RL1632R-2R00-F,1
100650,2 Ohm 1/4W ±1%,ROHM Semiconductor,MCR18EZHFL2R00,1
100651,2 Ohm 1W ±5%,Vishay/Dale,CRCW25122R00JNEG,1
100652,2 Ohm 30W ±1%,"Caddock Electronics, Inc.",MP930-2.00-1%,1
100653,2 Ohm 60W ±1%,"Caddock Electronics, Inc.",MP2060-2.00-1%,1
100654,2.05K Ohm 1/4W ±1%,ROHM Semiconductor,MCR18EZHF2051,1
100655,2.2K Ohm 1/4W ±1%,ROHM Semiconductor,MCR18EZHF2201,1
100656,2.2K Ohm 1/8W ±0.1%,Panasonic - ECG,ERA-6AEB222V,1
100657,2.37K Ohm 1/4W ±1%,ROHM Semiconductor,MCR18EZHF2371,1
100658,2.40 Ohm 1/4W ±1%,ROHM Semiconductor,MCR18EZHFL2R40,1
100659,2.40M Ohm 1/8W ±1%,Vishay/Dale,CRCW08052M40FKEA,1
100660,2.43K Ohm 1/10W ±0.1%,Susumu Co Ltd,RG1608P-2431-B-T5,1
100661,2.49K Ohm 1/4W ±1%,ROHM Semiconductor,MCR18EZHF2491,1
100662,2.5K Ohm 20W ±5% SILICON PCB,Huntington Electric Inc.,FS20S-2.5K,1
100663,2.67K Ohm 1/4W ±1%,ROHM Semiconductor,MCR18EZHF2671,1
100664,2.74K Ohm 1/4W ±1%,ROHM Semiconductor,MCR18EZHF2741,1
100665,2.87K Ohm 1/4W ±1%,ROHM Semiconductor,MCR18EZHF2871,1
100666,20 Ohm 1/4W ±1%,ROHM Semiconductor,MCR18EZHF20R0,1
100667,20 Ohm 1/4W ±1% METAL FILM,Panasonic - ECG,ERO-S2PHF20R0,1
100668,20 Ohm 5W RADIAL CERAM,Ohmite,TWW5J20RE,1
100669,20 Ohm 60W ±1%,"Caddock Electronics, Inc.",MP2060-20.0-1%,1
100670,200 Ohm 1/10W ±0.1%,Panasonic - ECG,ERA-6YEB201V,1
100671,200 Ohm 1/2W ±10% SQ CERMET TOP POT,Copal Electronics Inc,CT94EW201,1
100672,200 Ohm 1/4W ±1%,ROHM Semiconductor,MCR18EZHF2000,1
100673,200 Ohm 30W ±1%,"Caddock Electronics, Inc.",MP930-200-1%,1
100674,200 Ohm 60W ±1%,"Caddock Electronics, Inc.",MP2060-200-1%,1
100675,200K Ohm 1/10W ±0.1%,Susumu Co Ltd,RR1220P-204-B-T5,1
100676,200K Ohm 1/4W ±1%,ROHM Semiconductor,MCR18EZHF2003,1
100677,200K Ohm 1/8W ±0.1%,Susumu Co Ltd,RG2012P-204-B-T5,1
100678,200K Ohm 1W ±1%,Panasonic - ECG,ERJ-1TNF2003U,1
100679,20K Ohm 1/10W ±0.1%,Panasonic - ECG,ERA-6YEB203V,1
100680,20K Ohm 1/4W ±0.1%,Susumu Co Ltd,RG3216P-2002-B-T1,1
100681,20K Ohm 1/4W ±1%,ROHM Semiconductor,MCR18EZHF2002,1
100682,20M Ohm 1W ±1% THICK FILM,Ohmite,SM102032005F,1
100683,21K Ohm 1/4W ±1%,ROHM Semiconductor,MCR18EZHF2102,1
100684,22 Ohm 1W CARB COMP,Ohmite,OA220KE,1
100685,22.6K Ohm 1/4W ±1%,ROHM Semiconductor,MCR18EZHF2262,1
100686,220 Ohm 1/10W ±1%,Yageo Corporation,RC0603FR-07220RL,1
100687,220 Ohm 1/4W ±1%,Vishay/Dale,CRCW1206220RFKEA,1
100688,220 Ohm 1W ±10% CARB COMP,Ohmite,OA221KE,1
100689,220 Ohm 2W ±1%,Stackpole Electronics Inc,RHC 2512 220 ±1% R,1
100690,220K Ohm 1/4W ±1%,ROHM Semiconductor,MCR18EZHF2203,1
100691,22K Ohm 1/4W ±1%,ROHM Semiconductor,MCR18EZHF2202,1
100692,24.3K Ohm 1/8W ±0.1%,Susumu Co Ltd,RG2012P-2432-B-T5,1
100693,24.9 Ohm 1/4W ±1%,ROHM Semiconductor,MCR18EZHF24R9,1
100694,24.9 Ohm 1W ±1%,Vishay/Dale,CRCW251224R9FKEG,1
100695,24.9K Ohm 1/10W ±0.1%,Susumu Co Ltd,RG2012P-2492-B-T5,1
100696,24.9K Ohm 1/4W ±1%,ROHM Semiconductor,MCR18EZHF2492,1
100697,240 Ohm 1/4W ±0.1%,Susumu Co Ltd,RGH2012-2E-P-241-B,1
100698,249 Ohm 1/4W ±1%,ROHM Semiconductor,MCR18EZHF2490,1
100699,249K Ohm 1/4W ±1%,ROHM Semiconductor,MCR18EZHF2493,1
100700,25 Ohm 30W ±1%,"Caddock Electronics, Inc.",MP930-25.0-1%,1
100701,25 Ohm 60W ±1%,"Caddock Electronics, Inc.",MP2060-25.0-1%,1
100702,25.5 Ohm 1W ±1%,Panasonic - ECG,ERJ-1TNF25R5U,1
100703,250 Ohm 60W ±1%,"Caddock Electronics, Inc.",MP2060-250-1%,1
100704,27 Ohm 1/4W ±1%,Vishay/Dale,CRCW120627R0FKEA,1
100705,27.4K Ohm 1/4W ±1%,Panasonic - ECG,ERJ-8ENF2742V,1
100706,274K Ohm 1/4W ±1%,ROHM Semiconductor,MCR18EZHF2743,1
100707,287K Ohm 1/4W ±1%,ROHM Semiconductor,MCR18EZHF2873,1
100708,28K Ohm 1/4W ±1%,ROHM Semiconductor,MCR18EZHF2802,1
100709,2K Ohm 1/10W ±0.1%,Panasonic - ECG,ERA-6YEB202V,1
100710,2K Ohm 1/4W ±1%,ROHM Semiconductor,MCR18EZHF2001,1
100711,2K Ohm 1W ±1%,Panasonic - ECG,ERJ-1TNF2001U,1
100712,2M Ohm 1/4W ±1%,ROHM Semiconductor,MCR18EZHF2004,1
100713,3 Ohm 1/4W ±1%,ROHM Semiconductor,MCR18EZHFL3R00,1
100714,3.01K Ohm 1/4W ±1%,ROHM Semiconductor,MCR18EZHF3011,1
100715,3.30 Ohm 1/4W ±1%,ROHM Semiconductor,MCR18EZHFL3R30,1
100716,3.3K Ohm 1/4W ±1%,ROHM Semiconductor,MCR18EZHF3301,1
100717,3.57K Ohm 1/4W ±1%,ROHM Semiconductor,MCR18EZHF3571,1
100718,3.6 Ohm 1/4W ±1%,Yageo Corporation,9C12063A3R60FGHFT,1
100719,3.74M Ohm 1/4W ±1%,Yageo Corporation,RC1206FR-073M74L,1
100720,3.9K Ohm 1/8W ±0.1%,Panasonic - ECG,ERA-6AEB392V,1
100721,30 Ohm 1/4W ±1%,ROHM Semiconductor,MCR18EZHF30R0,1
100722,30 Ohm 60W ±1%,"Caddock Electronics, Inc.",MP2060-30.0-1%,1
100723,300 Ohm 1/4W ±1%,ROHM Semiconductor,MCR18EZHF3000,1
100724,30K Ohm 1/4W ±1%,ROHM Semiconductor,MCR18EZHF3002,1
100725,31.6K Ohm 1/4W ±1%,ROHM Semiconductor,MCR18EZHF3162,1
100726,316 Ohm 1/8W ±0.1%,Susumu Co Ltd,RG2012P-3160-B-T5,1
100727,32.4 Ohm 1/4W ±1%,Vishay/Dale,CRCW120632R4FKEA,1
100728,33 Ohm 60W ±1%,"Caddock Electronics, Inc.",MP2060-33.0-1%,1
100729,33.2K Ohm 1/4W ±1%,ROHM Semiconductor,MCR18EZHF3322,1
100730,330 Ohm 1/4W ±1%,ROHM Semiconductor,MCR18EZHF3300,1
100731,330 Ohm 1W ±10% CARB COMP,Ohmite,OA331KE,1
100732,332 Ohm 1/4W ±1%,Panasonic - ECG,ERJ-8ENF3320V,1
100733,332K Ohm 1/10W ±0.1%,Susumu Co Ltd,RG1608P-3323-B-T5,1
100734,33K Ohm 1/4W ±0.1%,Panasonic - ECG,ERA-14EB333U,1
100735,33K Ohm 1W ±10% CARB COMP,Ohmite,OA333KE,1
100736,36.5K Ohm 1/4W ±1%,ROHM Semiconductor,MCR18EZHF3652,1
100737,360 Ohm .5W ±5%  POWER,Ohmite,RC0R5DB360RJ,1
100738,374K Ohm 1/8W ±1%,Panasonic - ECG,ERJ-6ENF3743V,1
100739,39 Ohm 1/4W ±1%,ROHM Semiconductor,MCR18EZHF39R0,1
100740,39 Ohm 1W ±1%,Panasonic - ECG,ERJ-1TNF39R0U,1
100741,390 Ohm 1/4W ±1%,ROHM Semiconductor,MCR18EZHF3900,1
100742,390 Ohm 1W ±10% CARB COMP,Ohmite,OA391KE,1
100743,392K Ohm 1/4W ±1%,ROHM Semiconductor,MCR18EZHF3923,1
100744,3K Ohm 1/4W ±1%,ROHM Semiconductor,MCR18EZHF3001,1
100745,3M Ohm 1/4W ±1%,Yageo Corporation,RC1206FR-073ML,1
100746,4 Ohm 60W ±1%,"Caddock Electronics, Inc.",MP2060-4.00-1%,1
100747,4.02 Ohm 1/4W ±1%,Vishay/Dale,CRCW12064R02FKEA,1
100748,4.02K Ohm 1/4W 1%,ROHM Semiconductor,MCR18EZHF4021,1
100749,4.3K Ohm 1/4W ±1%,ROHM Semiconductor,MCR18EZHF4301,1
100750,4.53K Ohm 1/8W ±1%,ROHM Semiconductor,MCR10EZHF4531,1
100751,4.53M Ohm 1/8W ±1%,Yageo Corporation,RC0805FR-074M53L,1
100752,4.7K Ohm 1/4W ±1%,ROHM Semiconductor,MCR18EZHF4701,1
100753,4.75K Ohm 1/4W ±1%,ROHM Semiconductor,MCR18EZHF4751,1
100754,4.87K Ohm 1/4W ±1%,ROHM Semiconductor,MCR18EZHF4871,1
100755,4.99 Ohm 1/4W ±1%,Yageo Corporation,RC1206FR-074R99L,1
100756,4.99K Ohm 1/10W ±0.1%,Susumu Co Ltd,RG1608P-4991-B-T5,1
100757,4.99K Ohm 1/4W ±1%,ROHM Semiconductor,MCR18EZHF4991,1
100758,4.99K Ohm 1/8W ±0.1%,KOA Speer,RN732BTTD4991B25,1
100759,40.2K Ohm 1/4W ±1%,ROHM Semiconductor,MCR18EZHF4022,1
100760,40.2K Ohm 1/8W ±0.1%,Vishay/Dale,TNPW080540K2BEEA,1
100761,402 Ohm 1/4W ±1%,ROHM Semiconductor,MCR18EZHF4020,1
100762,402K Ohm 1/4W ±1%,ROHM Semiconductor,MCR18EZHF4023,1
100763,453K Ohm 1/4W ±1%,ROHM Semiconductor,MCR18EZHF4533,1
100764,47 Ohm 1/4W ±1%,ROHM Semiconductor,MCR18EZHF47R0,1
100765,470 Ohm 1/4W ±1%,ROHM Semiconductor,MCR18EZHF4700,1
100766,470K Ohm 1/4W ±1%,ROHM Semiconductor,MCR18EZHF4703,1
100767,47K Ohm 1/4W ±1%,ROHM Semiconductor,MCR18EZHF4702,1
100768,47K Ohm 1W ±5%,Vishay/Dale,CRCW251247K0JNEG,1
100769,49.9 Ohm 1/16W ±0.5%,Susumu Co Ltd,RR0816Q-49R9-D-68R,1
100770,49.9 Ohm 1/4W ±1%,ROHM Semiconductor,MCR18EZHF49R9,1
100771,49.9K Ohm 1/4W ±1%,ROHM Semiconductor,MCR18EZHF4992,1
100772,499 Ohm 1/4W ±1%,ROHM Semiconductor,MCR18EZHF4990,1
100773,499 Ohm 1/8W ±0.1%,Susumu Co Ltd,RG2012P-4990-B-T5,1
100774,499K Ohm 1/10W ±0.1%,Susumu Co Ltd,RR1220P-4993-B-M-T5,1
100775,499K Ohm 1/4W ±1%,ROHM Semiconductor,MCR18EZHF4993,1
100776,5 Ohm ±0.1% FPS 4,Riedon,FPS 4 T220 5 Ohm ±.1%,1
100777,5 Ohm 60W ±1%,"Caddock Electronics, Inc.",MP2060-5.00-1%,1
100778,5.23K Ohm 1/4W ±1%,ROHM Semiconductor,MCR18EZHF5231,1
100779,5.62K Ohm 1/4W ±1%,ROHM Semiconductor,MCR18EZHF5621,1
100780,5.62K Ohm 1W ±1%,Panasonic - ECG,ERJ-1TNF5621U,1
100781,5.76K Ohm 1/4W ±1%,ROHM Semiconductor,MCR18EZHF5761,1
100782,500 Ohm 30W ±1%,"Caddock Electronics, Inc.",MP930-500-1%,1
100783,500 Ohm 60W ±1%,"Caddock Electronics, Inc.",MP2060-500-1%,1
100784,500M Ohm 1W ±1% THICK FILM,Ohmite,SM102035006F,1
100785,50K Ohm 12W ±5% POWER,Ohmite,"mber	B12J50KE-ND",1
100786,51 Ohm 1/4W ±1% METAL FILM,Panasonic - ECG,ERO-S2PHF51R0,1
100787,51.0K Ohm 1/4W ±1%,Rohm Semiconductor,MCR18EZHF5102,1
100788,53.6K Ohm 1/4W ±1%,ROHM Semiconductor,MCR18EZHF5362,1
100789,54.9K Ohm 1/4W ±1%,ROHM Semiconductor,MCR18EZHF5492,1
100790,56 Ohm 60W ±1%,"Caddock Electronics, Inc.",MP2060-56.0-1%,1
100791,560 Ohm 1/10W ±1%,ROHM Semiconductor,MCR03EZPFX5600,1
100792,560 Ohm 1W ±5%,Panasonic - ECG,ERJ-1TYJ561U,1
100793,56K Ohm 1/4W ±1%,ROHM Semiconductor,MCR18EZHF5602,1
100794,56M 1/8W ±5%,PHYCOMP (YAGEO),RC0805JR-0756ML,1
100795,57.6 Ohm 1/4W ±1%,ROHM Semiconductor,MCR18EZHF57R6,1
100796,57.6K Ohm 1/4W ±1%,ROHM Semiconductor,MCR18EZHF5762,1
100797,6.2K Ohm 1/4W ±1%,ROHM Semiconductor,MCR18EZHF6201,1
100798,6.65K Ohm 1/4W ±1%,ROHM Semiconductor,MCR18EZHF6651,1
100799,60.4K Ohm 1/4W ±1%,ROHM Semiconductor,MCR18EZHF6042,1
100800,604K Ohm 1/4W ±1%,Panasonic - ECG,ERJ-8ENF6043V,1
100801,620 Ohm 1/4W ±1%,ROHM Semiconductor,MCR18EZHF6200,1
100802,63.4 Ohm 1/4W ±1%,Vishay/Dale,CRCW120663R4FKEA,1
100803,63.4K Ohm 1/4W ±1%,ROHM Semiconductor,MCR18EZHF6342,1
100804,665K Ohm 1/8W ±1%,Panasonic - ECG,ERJ-6ENF6653V,1
100805,68 Ohm 1W ±5%,Vishay/Dale,CRCW251268R0JNEG,1
100806,680 Ohm 1/4W ±1%,Vishay/Dale,CRCW1206680RFKEA,1
100807,7.32K Ohm 1/4W ±1%,Yageo Corporation,9C12063A7321FKHFT,1
100808,7.5K Ohm 10W ±1% SILICONE WW,Vishay/Dale,RS0107K500FE73,1
100809,7.5M Ohm 1/4W ±5%,ROHM Semiconductor,MCR18EZHJ755,1
100810,75 Ohm 1/4W ±1%,ROHM Semiconductor,MCR18EZHF75R0,1
100811,75 Ohm 60W ±1%,"Caddock Electronics, Inc.",MP2060-75.0-1%,1
100812,75K Ohm 1/10W ±0.1%,Panasonic - ECG,ERA-6YEB753V,1
100813,75K Ohm 1/4W ±1%,ROHM Semiconductor,MCR18EZHF7502,1
100814,787K Ohm 1/4W ±1%,ROHM Semiconductor,MCR18EZHF7873,1
100815,8 Ohm 60W ±1%,"Caddock Electronics, Inc.",MP2060-8.00-1%,1
100816,8.06 Ohm 1/4W ±1%,Vishay/Dale,CRCW12068R06FKEA,1
100817,8.06K Ohm 1/4W ±1%,Yageo Corporation,RC1206FR-078K06L,1
100818,8.20K Ohm 1/4W ±1%,Yageo Corporation,RC1206FR-078K2L,1
100819,8.25K Ohm 1/4W ±1%,ROHM Semiconductor,MCR18EZHF8251,1
100820,8.66M Ohm 1/8W ±1%,Yageo Corporation,RC0805FR-078M66L,1
100821,82 Ohm 1/10W ±1%,ROHM Semiconductor,MCR03EZPFX82R0,1
100822,820 Ohm 1W ±10% CARB COMP,Ohmite,OA821KE,1
100823,825 Ohm 1/4W ±1%,ROHM Semiconductor,MCR18EZHF8250,1
100824,82K Ohm 1/8W ±0.1%,Panasonic - ECG,ERA-6AEB823V,1
100825,9.09K Ohm 1/4W ±1%,ROHM Semiconductor,MCR18EZHF9091,1
100826,9.53K Ohm 1/4W ±1%,ROHM Semiconductor,MCR18EZHF9531,1
100827,9.76K Ohm 1/4W ±1%,ROHM Semiconductor,MCR18EZHF9761,1
100828,90.9 Ohm 1/4W ±1%,ROHM Semiconductor,MCR18EZHF90R9,1
100829,909 Ohm 1/4W ±1%,ROHM Semiconductor,MCR18EZHF9090,1
100830,909K Ohm ±0.1% ±25ppm Precision  SMD,IRC,PFC-W1206LF-03-9093-B,1
100831,91K Ohm 1/10W ±0.1%,Panasonic - ECG,ERA-6YEB913V,1
100832,93.1 Ohm 1/4W ±1%,ROHM Semiconductor,MCR18EZHF93R1,1
100833,931K Ohm 1/4W ±1%,Panasonic - ECG,ERJ-8ENF9313V,1
100834,953 Ohm 1/4W ±1%,ROHM Semiconductor,MCR18EZHF9530,1
100835,953K Ohm 1/4W ±1%,ROHM Semiconductor,MCR18EZHF9533,1
100836,2PIN 75V SURGE ARRESTER GASTUBE,EPCOS Inc,EC75X,22
100837,2PIN 90V SURGE ARRESTER GASTUBE,EPCOS Inc,EC90X,22
100838,SWITCH LT 6mm MOM NO PCB,Panasonic - ECG,EVQ-Q2K03W,30
100839,25V 80mA N-CHAN SWITCH,Fairchild Semiconductor,MMBFJ108,25
100840,10K Ohm ±10% THERMISTOR NTC,GE Sensing,NHQ103B375T10,31
100841,100V 25A PNP,STMicroelectronics,TIP36CW,2
100842,15A 100V DARL PNP,ON Semiconductor,BDW47G,2
100843,15A 350V TRANS BIPO NPN,ON Semiconductor,MJL4281AG,2
100844,15A 350V TRANS BIPO PNP,ON Semiconductor,MJL4302AG,2
100845,180VCEO 1.5A,Panasonic - SSG,2SA21400P,2
100846,400V 150mA HV TRANS PNP,"Zetex, Inc.",FMMT558TA,2
100847,400V 225mA TRANS HP NPN,"Zetex, Inc.",FMMT458TA,2
100848,4A 350V TRANS PWR NPN,ON Semiconductor,MJE15034G,2
100849,4A 350V TRANS PWR PNP,ON Semiconductor,MJE15035G,2
100850,50 Ohm RF TRANSFORMER,mini-circuits,T1-1T,32
100851,Bobbin 42mm x 29mm Round 2 Section,"Magnetics, Inc.",00B422902,33
100852,Pot Core 26X16 Linear Ferrite,"Magnetics, Inc.",0P42616UG,33
100853,Core Clamp for Core 0P43622UG,"Magnetics, Inc.",00C362217,33
100854,GATE DRIVE TRANSFORMER,TRIAD,GDE25-1,33
100855,GATE DRIVE TRANSFORMER,TRIAD,GDE25-2,33
100856,GATE DRIVE TRANSFORMER,Pulse,P0584NL,33
100857,12PIN  PCB Mount Bobbin Core,"Magnetics, Inc.",PCB362211,33
100858,6PIN PCB Mount Bobbin Core 1 Section,"Magnetics, Inc.",PCB261621,33
100859,LINEAR FERRITE 42X29 POT CORE,"Magnetics, Inc.",0P44229UG,33
100860,Pot Core,"Magnetics, Inc.",0P43622UG,33
100861,60V TRANS GP SS NPN,ON Semiconductor,MMBT2484LT1G,2
100862,180VCEO 1.5A NPN,Panasonic - SSG,2SC59930P,2
100863,80V 1A TRANS NPN MED,NXP Semiconductors,BCX56-16 T/R,2
100864,80V 1A TRANS PNP MED,NXP Semiconductors,BCX53-16 T/R,2
100865,160V 600mA TRANS SS NPN,Micro Commercial Co.,MMBT5551-TP,2
100866,150V 600mA TRANS SS PNP,Micro Commercial Co.,MMBT5401-TP,2
100867,80V 500mA  TRANS SS PNP,Micro Commercial Co.,MMBTA56-TP,2
100868,TRANS HI-VOLT NPN,Infineon Technologies,MMBT3904LT1,2
100869,100V 25A TRANS NPN,STMicroelectronics,TIP35CW,2
100870,TRANS SWITCHING PNP,Infineon Technologies,MMBT3906LT1,2
100872,10K Ohm SQ CERMET TOP POT,Copal Electronics Inc,CT94EW103,34
100873,50K Ohm 2mm CERMET ST SMD TRIMPOT,"Bourns, Inc.",3312J-1-503E,34
100874,"Heat Sink Aluminum 1"" x 11/16"" x 3/8""",Cool Innovations,3-1007035UX,33
100875,1000V GASTUBE 2P SURGE ARRESTER,EPCOS Inc,A71-H10X,22
100876,500mA 600 Ohm FERRITE,Steward,HZ1206E601R-10,33
100877,"BOARD LEVEL HEATSINK .375 D-PAK""",Aavid Thermalloy,7106DG,33
100878,Bobbin for 43622ug core 3 SECTION,"Magnetics, Inc.",00B362203,33
100879,35 Ohm EMI Suppression Bead,FAIR RITE,2643001501,35
100881,ISOLATOR PHOTOVO DL 5V 5UA 8-SMD,International Rectifier,PVI1050NS,25
100882,NETWORK PECL TERM,NXP Semiconductors,PSSI3120CA /T3,33
100883,200mHZ 3.3V SMD,Fox Electronics,FXO-HC536R-200,33
100884,"0.5"" OD Shoulder Washer Teflon - Custom",Craft Tech Inustries,100-9181-29,24
100885,230V Surge Arrester GasTube 2PIN,EPCOS Inc,M51-A230X,22
100886,100A TRANSDUCER CURRENT CLOSE LOOP,LEM USA Inc,LA 100-P,33
100887,#4 Lock Washer INT Tooth Zinc,Building Fasteners,INT LWZ 004,24
100888,180VCEO 1.5A TRANS PNP,Panasonic - SSG,2SA21400Q,27
100889,42mm x 29mm Bobbin Round 1 Section,"Magnetics, Inc.",00B422901,33
100890,20POS .100” HEADER VERT 15AU,Tyco Electronics/Amp,6-102202-7,4
100891,".1"" Shunt Jumper Black Gold",3M,969102-0000-DA,4
100892,10’ USB A/B Device Cable Black,Qualtek,3021013-10,36
100893,16’ USB A/B Device Cable Black,Qualtek,3021025-16,36
100894,Jumper Shorting Gold Flash,Sullins Connector Solutions,SPC02SYAN,4
100895,"262,214 word X 12 bit FIFO",OKI,MSM54V1222B,25
100896,PREC SHUNT REG ADJ LV,Texas Instruments,TLVH432ACDBZR,25
100897,OPTOISO 1CH DARL OUT HI VCE SMD,,PC3H7CDJ000F,25
100899,Trans PNP 180V 2A 2 10R1A,,,2
100900,8POS 2mm SOCKET,3M,150208-6002-TB,4
100901,1000V 3.1A N-CH,Vishay/Siliconix,IRFPG30,27
100902,50V 300mA N-CH,"Diodes, Inc.",DMN5L06K-7,27
100903,TRANS PWR NPN 8A 250V TO220AB,ON Semiconductor,MJE15032G,2
100904,8A 250V 50W,ON Semiconductor,MJE15033G,2
100905,24POS 2mm SOCKET,3M,150224-2000-RB-WD,4
100906,10uH 100mA,Murata Electronics,LQM21FN100M70L,26
100908,10 Ohm 1/4W ±5%,ROHM Semiconductor,ESR10EZPJ100,1
100909,100K Ohm 1/8W ±1%,,ERJ-8ENF1003V,1
100910,10K Ohm 1/4W ±0.1%,"Bourns, Inc.",CRT1206-BY-1002ELF,1
100911,10M Ohm 1W ±5% THICK FILM,Ohmite,SM102031005J,1
100912,1K Ohm 1/4W ±5% RADIAL,Ohmite,OD102JE,1
100913,3.3K Ohm 1/4W ±5%,KOA Speer,RK73B2BTTD332J,1
100914,33 Ohm 1/16W ±5%,Venkel LTD.,CR0402-16W-330JT,1
100915,Microsoft Visual Studio 2008 Standard Edition,Microsoft,X14-39664-01,37
100916,DVSD SP3,SAE,,38
100917,AC/DC MUX SP1,SAE,,38
100918,DIGI Card SP3,SAE,,38
100919,RG SPIN 2.98 - BLANK PCB,SAE,,38
100920,Manual Test Station Board SP3,SAE,,38
100921,QVI Board SP2,SAE,,38
100922,Nano Board SP6B,SAE,,38
100923,DHP Board SP1,SAE,,38
100924,Nano Board SP6,SAE,,38
100925,DIGI Card SP6,SAE,,38
100926,Inductor Box Series SP1,SAE,,38
100927,Dual Die Mux SP1,SAE,,38
100928,CAL Board SP8,SAE,,38
100929,Output Adapter SP1,SAE,,38
100930,DC Motherboard SP8,SAE,,38
100931,270pF 100V ±5% NP0,AVX Corporation,12061A271JAT2A,3
100937,6800uF 100V ELECT THA SERIES,Panasonic - ECG,ECE-T2AA682FA,3
100938,500mW 39V ZENER,"Diodes, Inc.",BZT52C39-13-F,6
100939,SOT-223,Loranger,4243 041 X215,4
100942,1POS .1” 15AU Header,Tyco Electronics,87224-1,4
100943,OCTAL TRANSP LATCH,Texas Instruments,CD74AC373M96,25
100944,Core Clamp for Core OP42616UG,"Magnetics, Inc.",0PC261614,33
100945,"JACK SCREW .312"" ZINC/AU IRIDITE",Keystone Electronics,7230,24
100946,30V P-CH JFET,NXP Semiconductors,"PMBFJ174,215",27
100951,Enclosure - FTI-1000 Main - Raw,"Focused Test, Inc.",100951,39
100952,Enclosure - FTI-1000 Side Panel - Raw,"Focused Test, Inc.",100952,39
100953,Enclosure - FTI-1000 COMPLET Enclosure,"Focused Test, Inc.",100953,39
100954,Enclosure - FTI-1000 Main - Silked,"Focused Test, Inc.",100954,39
100955,Enclosure - FTI-1000 DC Left Side Panel - Silked,"Focused Test, Inc.",100955,39
100956,Enclosure - FTI-1000 AC Right Side Panel - Silked,"Focused Test, Inc.",100956,39
100957,FTI 3000 Enclosure - Raw,,100957,39
100958,FTI 3000 Enclosure - Silk Screen,,100958,39
100959,Enclosure - 36V Power Supply - Top Part,"D&D Metal Products, Inc.",100959,40
100960,Enclosure - 36V Power Supply - Bottom Part,"D&D Metal Products, Inc.",100960,40
100961,Inductor Box Enclosure -  Base - Top,"D&D Metal Products, Inc.",100961,39
100962,Inductor Box Enclosure - Base - Bottom,"D&D Metal Products, Inc.",100962,39
100963,Inductor Box Enclosure - Lid - Polycarb,Plastic Creations,100963,39
100964,Test Head Mux Enclosure - Main,"D&D Metal Products, Inc.",100964,39
100965,Test Head Mux Enclosure - Base,"D&D Metal Products, Inc.",100965,39
100966,Multi Station Mux Enclosure - Main,"D&D Metal Products, Inc.",100966,39
100967,Multi Station Mux Enclosure - Base,"D&D Metal Products, Inc.",100967,39
100968,"Enclosure - 8.66""x6.5""x2"" Basic w/ Blank End Plates - CAL/UHV/MDM Etc.",Hammond,1455T2201,39
100969,Enclosure End Plate - CAL Box - CBITs End - Silked,Rainbow Signs,,40
100970,Enclosure End Plate - CAL Box - Banana End - Silked,Rainbow Signs,,40
100971,Enclosure End Plate - UHV - CBITs End  - Silked,Rainbow Signs,,40
100972,Enclosure End Plate - UHV - Banana End  - Silked,Rainbow Signs,,40
100973,Dual Die Mux Enclosure w/End Plates,,1455L1201,39
100974,Dual Die Mux Enclosure - End Plate - CBITS (INPUT?)  - Mach,,100974,39
100975,Dual Die Mux Enclosure - End Plate - Banana (OUTPUT?)  - Mach,,100975,39
100976,Manual Test Station Enclosure - Chassis - Raw,Hammond Manufacturing,1444-24,39
100977,Manual Test Station Enclosure - Base,Hammond Manufacturing,1434-22,39
100978,Manual Test Station Enclosure - Back Panel - Mach,,100978,39
100979,Manual Test Station Enclosure - Lid - Raw,,100979,39
100981,Manual Test Station Enclosure - Cover - Mach,,100981,39
100983,AC Input Connector,Qualtek,703W-00/03,4
100984,DC Output Connector,Kycon,KPJX-PM-4S,4
100985,SWITCH ROCKER DPST 16A 125V,Cherry Electrical,WRG32F2FBBNN,30
100986,36V Power Supply,TDK Corporation,SWS60036,42
100987,#8 Spade Connector,Tyco Electronics,1-322249-0,4
100988,1/2” Hole Plug Black,Eagle Plastic Devices,561-50BG14B,33
100989,6-32 x 1/4 Screw Phillips PH,B&F Fastener Supply,PMS 632 0025 PH,24
100995,6-32 x 1/2 Screw Phillips PH,B&F Fastener Supply,PMS 632 0050 PH,24
100996,M2.5 x 8 Screw,N/A,N/A,24
100997,M4 x 6 Screw,N/A,N/A,24
100998,M4 x 10 Screw,N/A,N/A,24
100999,#4-40 Nut Zinc,B&F Fastener Supply,HNZ440,24
101000,#6 Flat Washer,B&F Fastener Supply,#6FWZ,24
101001,#6 Lock Washer Internal Star,B&F Fastener Supply,INT LWZ 006,24
101002,#6-32 Nut Zinc,B&F Fastener Supply,HNZ632,24
101003,36V V/A Rating Power Supply Label,Mavericklabel.com,101003,41
101004,16awg wire BLK,,,43
101005,20awg wire RED,,,43
101007,Inductor Box Warning Label,Mavericklabel.com,101007,41
101008,CE Mark Label,Mavericklabel.com,101008,41
101009,FTI Name-Address Label,Mavericklabel.com,101009,41
101010,Rubber Feet 3/4 x 5/16 Gray,Liberty / Brainerd,439XC,33
101011,AC Power Cord 2.5M 3 x 1.25 5-15P,Qualtek,393001-01,36
101012,"PS Cable KPPX-4P 40"" 22awg 4 cond",Cable Conn,99-22610-00,36
101013,200V 8A Ult Fast,STMicroelectronics,STTH802FP,6
101014,20awg wire GRN,,,43
101015,20awg wire BLK,,,43
101016,16awg wire YLW,,,43
101018,Inductor Box Series SP2,SAE,,38
101031,10K Ohm 1/8W ±1%,KOA Speer,RK73H2ATTD1002F,1
101032,56.2K Ohm 1/4W ±1%,ROHM Semiconductor,MCR18EZHF5622,1
101033,560 Ohm 1/16W ±1%,,,1
101034,619 Ohm 1/4W ±1%,,,1
101035,300 Ohm 1/4W ±5%,,,1
101036,3.32 Ohm 1/4W ±1%,,,1
101037,130 Ohm 1/16W ±1%,,,1
101038,0 Ohm 1/4W ±5%,,,1
101040,CAP Charger SP4.50,SAE,,38
101045,85V 200A N-CH,IXYS,IXTP200N085T,27
101047,Solder Tip,Weller,PTS8,33
101054,330pF 50V ±5% CERAM X7R,Kemet,C1206C331J5GACTU,3
101056,.047uF 100V ±10% CERAM X7R,,,3
101057,9.09K Ohm 1/4W ±1%,,,1
101058,9.53K Ohm 1/8W ±1%,,,1
101059,820 Ohm 1/4W ±1%,Yageo Corporation,RC1206FR-07825RL,1
101062,1000V 3.5A N-CH,STMicroelectronics,STP5NK100Z,27
101063,10 Ohm 30W ±1%,"Precision Resistor Co., Inc.",SM3726N,1
101064,30V 5.1A P-CH,International Rectifier,IRFHS9351TRPBF,27
101065,30V 8.5A P-CH,International Rectifier,IRFHS9301TRPBF,27
101066,10000uF 80V ±20% ELECT TUP SERIES,Panasonic - ECG,ECE-T1KA103FA,3
101079,Inductor Box Enclosure - Lid - Steel,"D&D Metal Products, Inc.",101079,39
101084,AC Motherboard SP7,SAE,D18397,38
101085,Pulse Generator SP5,SAE,,38
101086,High Power SP5,SAE,,38
101087,High Voltage SP6,SAE,,38
101088,Rg Board SP3,SAE,,38
101090,0 Ohm 1/8W ±5%,"Stackpole Electronics, Inc.",RMCF 1/10 0 R,1
101100,Surge Current Module SP1,SAE,D19311,38
101101,Manual Test Station Enclosure - Back Panel - Silk,,,39
101102,Manual Test Station Enclosure - Back Panel - Complete,,,39
101104,Manual Test Station Enclosure - Cover - Silk,,,39
101105,Manual Test Station Enclosure - Cover - Complete,,,39
101106,Manual Test Station Enclosure - Base - Mach,,,39
101107,Manual Test Station Enclosure - Base - Complete,,,39
101108,High Power SP6,SAE,,38
101109,Mounting Hardware LARGE SQUARE GRAY TAPERED,3M,SJ-5523,33
101110,Control Computer CPU,Dell,00PKF,33
101111,"Control Computer 19"" Display",Dell,XYF7K,33
101113,RG CAL Board SP4.0,"SAE Circuits Colorado, Inc.",,38
101114,Magnetic Field Hazard Label,,,41
101117,RG CAL Enclosure End Plate - Banana (OUTPUT?)  - Mach & Silk Screen,,,39
101118,RG CAL Enclosure End Plate - CBITS (INPUT?)  - Mach & Silk Screen,,,39
101119,CAL/UHV/RG CAL Enclosure w/End Plates,,1455T2201,39
101121,.5A Magnetic Switch 10-19AT,Coto Technology,RI-27AAA,30
101122,25POS Open Cover Plug D-Sub,3M,8225-6000,4
101123,1K Ohm 1/2W ±1%,Stackpole Electronics Inc,RNCP1206FTD1K00,1
101124,110POS Vert. Header Typ-B,3M,CP2-HB110-GE1-TG30,4
101127,Test Station Mux Board SP2,,101127,38
101129,Low Leakage Mux SP1,,,38
101130,8POS VH Housing Female,"JST Sales America, Inc.",VHR-8N,4
101131,10000pF 50V ±10% CERAM X7R,Murata Electronics,GRM188R71H103KA01D,3
101132,.65-2.5pF 25V,Murata Electronics,TZY2Z2R5A001R00,3
101133,350mW 4.7V ZENER,Fairchild Semiconductor,BZX84C4V7,6
101134,80V 100mA,Panasonic - SSG,DA2J101,6
101135,2.5V ±0.5% VOLTAGE REF,"Diodes, Inc.",LM4040C25FTA,25
101136,636NM SUPER RED LED,Lumex,SML-LX0805SIC-TR,7
101137,610NM SUPER ORANGE LED,Lumex,SML-LX0805SOC-TR,7
101138,574NM SUPER GREEN LED,Lumex,SML-LX0805SUGC-TR,7
101139,14Pos Shrouded Header Male,Molex,87832-1420,4
101140,50 Ohm 0.5A Reed Relay SIP,Coto Technology,9002-12-00,29
101141,13W3 Combo D-Sub RECEPT RA Solder Cup,CONEC,3013W3SCT56N40X,4
101142,20Pos 2x10 Header Receptacle Female,Tyco Electronics,6-534206-0,4
101143,60V 2.5A P-CH,STMicroelectronics,STN3PF06,27
101144,40V GP NPN,Micro Commercial Co,MMBT3904-TP,2
101145,60V 4A N-CH,STMicroelectronics,STN3NF06,27
101146,100 Ohm 1/10W ±1%,Panasonic - ECG,ERJ-3EKF1000V,1
101147,383 Ohm 1/10W ±1%,Panasonic - ECG,ERJ-3EKF3830V,1
101148,5.62 Ohm 1/4W ±1%,Vishay/Dale,CRCW12065R62FKEA,1
101149,4.70M Ohm 1/10W ±1%,Yageo Corporation,RC0603FR-074M7L,1
101150,BUFFER SCHMIT TRIG,Texas Instruments,SN74LVC1G17DBVR,25
101151,500mA 3.3V LN REG LDO,"Micrel, Inc.",MIC5209-3.3YS,25
101152,COMPARATOR TTL/CMOS,"Analog Devices, Inc.",ADCMP608BKSZ-REEL7,25
101153,1MHz 1.8V OPAMP SNGL,Microchip Technology,MCP6001T-I/OT,25
101154,12V DC/DC CONV,Texas Instruments,DCP010512BP-U,25
101155,.8K 36M CELL CPLD,Xilinx,XC9536XL-10VQG44C,25
101156,5V PHOTOVO ISOLATOR DL,International Rectifier,PVI1050NSPBF,25
101157,500mA 5V REG LDO,"Micrel, Inc.",MIC5239-5.0YS TR,25
101158,50MBd 10mA CMOS OPTOCOUPLER,Avago Technologies,HCPL-0723-000E,25
101159,5VDC ESD Suppresor,"Bourns, Inc.",CG0603MLC-05LE,33
101160,8Pos Light Pipe VERT,"Lumex Opto/Components, Inc.",LPA-C081301S-10,33
101161,5V 1000mA 6W DC/DC CONVERTER,Murata Power Solutions Inc,NCS6S1205C,5
101162,10pF 1000V ±5% NP0,Vishay/Vitramon,VJ1206A100JXGAT5Z,3
101163,Heatsink,"Cool Innovations, Inc.",100705UX,33
101164,Heatsink,"Cool Innovations, Inc.",3-100705U,33
101165,1500pF 50V ±10% X7R,AVX Corporation,12065C152KAT2A,3
101166,TMU Conditioning Motherboard SP4.0.0,"SAE Circuits Colorado, Inc.",D19603,38
101167,FTI-2000 Motherboard SP3.0.0,"SAE Circuits Colorado, Inc.",,38
101170,DVSD SP2,"SAE Circuits Colorado, Inc.",,38
101171,1.33M Ohm 1/8W ±1%,Yageo Corporation,RC0805FR-071M33L,1
101172,180K Ohm 1/8W ±0.1%,Susumu Co Ltd,RG2012P-184-B-T5,1
101173,47000pF 50V X7R,AVX Corporation,06035C473KAT2A,3
101174,"12"" Banana Plug Patch Cord Red",Pomona Electronics,B-12-2,36
101175,"12"" Banana Plug Patch Cord Black",Pomona Electronics,B-12-0,36
101176,"12"" Banana Plug Patch Cord Green",Pomona Electronics,B-12-5,36
101177,Nano Board SP7,,,38
101179,DSUB STRAIN RELIEF 37WAY SS,3M,3448-8D37A,4
101180,37POS D-SUB Plug,3M,8237-6000,4
101183,13W3 D-Sub Solder Cup Male,CONEC,3013W3PCM99A10X,4
101185,6-FLIP Mux SP1,,,38
101187,6 Bit BUFF/DVR SCHM TRG,NXP Semiconductors,"74HC7014D,112",25
101188,BUFF/DVR HEX NON-INV,Texas Instruments,SN7407D,25
101189,IC CPLD 72MCRCELL 10NS 44VQFP,"Xilinx, Inc.",XC9572XL-10VQG44C,25
101190,2.5Mhz OPAMP GP,Texas Instruments,OPA454AIDDA,25
101192,TMU TO-220 Daughterboard SP3,"SAE Circuits Colorado, Inc.",,38
101193,TMU TO-254 Daughterboard SP1,"SAE Circuits Colorado, Inc.",,38
101194,8.0-45pF 25V,Murata Electronics,TZY2K450A001R00,3
101195,.01uF 1000V ±10% X7R,Vishay/Vitramon,VJ1206Y103KXGAT5Z,3
101196,"20POS .1"" 30AU Shrouded Header Male",Tyco Electronics,5-103168-8,4
101197,Miniature Spring Socket,Tyco Electronics,1-332070-4,4
101198,Test Points,Tektronix,131-4353-00,4
101199,TVS LOW CAP SMC,Microsemi,SMCJLCE20A,6
101200,Flare Mounted Standoff,???,KFB3-440-16ET,24
101201,100 Ohm 1/4W ±5% CARB,Ohmite,OD101JE,1
101204,Action Push Button Switch Yellow,Philmore Manufacturing,30-785,30
101205,8 AWG D-Subminiature Male,FCI,8638PPS4005LF,4
101206,8 AWG D-Subminiature Female,FCI,8638PSS4005LF,4
101207,8Pos D-Sub Power Receptacle Female,FCI,DC8W8SA00LF,4
101208,8Pos D-Sub Power Plug Male,FCI,DC8W8PA00LF,4
101209,60V 1A Photovoltaic Relay..Sub for 100517,International Rectifier,PVAZ172NSPBF,25
101211,10POS Shrouded Header,3M,2510-6002UB,4
101212,AC Motherboard SP7.5,,101212,38
101213,TMU MOBO Box - db End Plate - Mach & Silk Screen,,,39
101214,TMU MOBO Box - Top Plate - Mach,Precision Design & Machine,,39
101215,1000pF 200V ±5% NP0,AVX Corporation,12062A102JAT2A,3
101216,TMU DB Cover Plate,Precision Design & Machine,,39
101218,4 Pin Mobile Connector Female,Philmore Manufacturing,61-604,4
101219,4 Pin Chassis Socket Male,Philmore Manufacturing,61-624,4
101223,RTFA12A SP1.0.0,,101223,38
101224,TMU TO-205 Daughterboard SP1,"SAE Circuits Colorado, Inc.",D19984,38
101226,34.8K Ohm 1/4W ±1%,ROHM Semiconductor,MCR18EZHF3482,1
101228,Rectifier 50V 1A DO-41,Philmore Manufacturing,1N4001-T,4
101229,MOSFET N-CH 800V 4.3A T0-220,Philmore Manufacturing,STP5NK80Z,4
101230,DIODE RECTIFIER 1A 1000V DO-41,Comchip Technology,1N4007-G,6
101231,D-SUB CONN PLUG 25POS W/O INSERT,3M,8225-6000,4
101232,"4"" Banana Plug Patch Cord Black",Pomona Electronics,B-4-0,36
101233,"4"" Banana Plug Patch Cord Green",Pomona Electronics,B-4-5,36
101234,"4"" Banana Plug Patch Cord Red",Pomona Electronics,B-4-2,36
101235,"48"" Banana Plug Patch Cord Red",Pomona Electronics,B-48-2,36
101236,"48"" Banana Plug Patch Cord Green",Pomona Electronics,B-48-5,36
101237,"48"" Banana Plug Patch Cord Black",Pomona Electronics,B-48-0,36
101238,"24"" Banana Plug Patch Cord Red",Pomona Electronics,B-24-2,36
101239,"24"" Banana Plug Patch Cord Green",Pomona Electronics,B-24-5,36
101240,"24"" Banana Plug Patch Cord Black",Pomona Electronics,B-24-0,36
101241,8' RS-232 Meter Cable DB9,Agilent Technologies,34398A,36
101243,Conn Pin Combo-D 10-12AWG Solder,Conec,131C10039X,4
101244,CONN HEADER 36POS .100 VERT GOLD,Molex,22-28-4363,4
101245,PLUG BANA DBL SHORTING BAR BLACK,Pomona,MDP-S-0,4
101246,"TIP CARTRIDGE, SOLDER, 30° CHISEL 0.06IN",Metcal,STTC-138,44
101247,"TIP CARTRIDGE, SOLDER, 30° CHISEL, 0.1IN",Metcal,STTC-136,44
101248,Banana & Binding Post Connectors BANANA PLUG RED,Emerson / Johnson,108-0302-001,4
101249,Banana & Binding Post Connectors BANANA PLUG BLACK,Emerson / Johnson,108-0303-001,4
101250,Banana & Binding Post Connectors BANANA PLUG GREEN,Emerson / Johnson,108-0304-001,4
101251,CONN JACK BANANA INSUL NYLON GREEN,Emerson Network Power,108-0904-001,4
101252,CONN JACK BANANA INSUL NYLON RED,Emerson Network Power,108-0902-001,4
101253,DIODE SIL 10 A 200V HSMC,,S10D-TPMSCT-ND,6
101254,Mosfet N-CH 800V 58A SOT-227,,APT58M80J,27
101255,RES 2.37K OHM 1/8W 1% 0805 SMD,,ERJ-6ENF2371V,1
101256,Heat Sink_T0-22_2.5W _Low_Profile,Aavid Thermalloy,507302B00000G,45
101258,QVI SPIN 3  BLANK PCB,"SAE Circuits Colorado, Inc.",101258,38
101259,IC CAL MUX SP2,SAE,,38
101264,"Enclosure End Plate - 8.66""x6.5""x2"" - BLANK",,1455TAL-10,40
101267,0.1mH 14ga XQ - Perfect Lay Air Core Inductor,,EAV73-14-100,26
101268,1.0mH 10ga XQ - Perfect Lay Air Core Inductor,,EAV77-10-1000,26
101269,0.1mH 14ga XQ - Perfect Lay Air Core Inductor,,EAV78-10-3000,26
101270,0.01mH 14ga ALq - Air core inductor with clear bobbin,,EAC13-14-010,26
101271,10.0mH 14ga XQ - Perfect Lay Air Core Inductor,,EAV78-14-10000,26
101272,0.30mH 14ga XQ - Perfect Lay Air Core Inductor,,EAV73-14-300,26
101278,Test Station Mux Enclosure - Case,,,40
101279,4 Pin Chassis Socket Male,Philmore Manufacturing,61-624,4
101280,Test Station Mux Enclosure Cover,,,40
101281,Cal Box - Blank,,,40
101282,"Enclosure - 8.66""x6.5""x2"" Black Plastic Bezel",Hammond,1455TBBK-10,40
101283,Cal Box - End Plates ..CBITS SILKED,,,40
101285,Enclosure End Plate - CAL/IC/QVI - CBITs End  - Silked,Rainbow Signs,,40
101286,Enclosure End Plate - CAL/IC - Banana/Ribbon End  - Silked,Rainbow Signs,,40
101287,Enclosure Cover Strip Plate,Precision Machine,,40
101288,TMU BLANK BOX,,,40
101289,TMU BOX Top Cover Plate -  Milled,,,40
101291,TMU BOX BEZEL,,,40
101292,TMU BLANK END PLATE,,,40
101293,TMU END PLATE CBITS NOT SILKED,,,40
101294,RG CAL BLANK BOX,Hammond,1455N1601,40
101295,RG CAL BOX BEZEL,,,40
101296,DUAL DIE MUX BLANK BOX,,,40
101297,DUAL DIE MUX OUTPUT ADAPTER PLATE NOT SILKED,,,40
101298,DUAL DIE MUX HANDLER PLATE NOT SILKED,,,40
101299,DUAL DIE MUX BEZEL,,,40
101300,POWER SUPPLY ENCLOSURE TOP AND BOTTOM,,,40
101301,POWER SUPPLY ENCLOSURE BOTTOM,,,40
101302,26POS IDC Socket Gold Pol,,89126-0101,4
101303,STRAIN RELIEF 26 POS IDC SOCKET,,3448-89126,4
101304,CONN 40 POS IDC SOCKET GOLD POL..,,89140-0101,4
101305,STRAIN RELIEF 25 POS IDC SOCKET METAL,,3448-8D25A,4
101306,STRAIN RELIEF 37 POS METAL,,3448-8D37A,4
101307,STRAIN RELIEF 40 POS IDC SOCKET..,,3448-89140,4
101308,D-SUB CONN RECEPT 37POS W/INSERT,,8337-6003,4
101309,D-SUB CONN RECEPT 25POS W/INSERT,,8325-6003,4
101310,D-SUB CONN PLUG 37POS W/O INSERT..,,8237-6000,4
101311,D-SUB 25 POS COVER STRIP ALUM,,,4
101312,D-SUB 37 POS COVER STRIP SLUM,,,4
101313,Plastic Inductor Washer 4x93 w 0.5 Hole,,,24
101314,NYLON NUT 1/2-13,,NYHN1213,24
101315,NYLON BOLT 1/2-13x2,,NYHC12132,24
101316,FAN AXIAL 12V 92X25 3600RPM,,3610KL04WB60E00,39
101317,FINGER GUARD 92MM METAL,,8451,39
101318,"Indicator, Pnl-Mnt; PANEL INDICATOR",,SSI-LXR3816SGD-150,40
101319,CONN JACK SHV BULKHD SOLDER AU..,,51494-2,39
101320,CONN JACK SHV BULKHD SOLDER AU..,,51494-2,39
101321,10mH INDUCTOR ASSEMBLY,,,39
101322,3mH INDUCTOR ASSEMBLY,,,39
101323,1mH INDUCTOR ASSEMBLY,,,39
101324,0.3mH INDUCTOR ASSEMBLY,,,39
101325,0.1mH INDUCTOR ASSEMBLY,,,39
101326,0.01mH INDUCTOR ASSEMBLY,,,39
101327,INDUCTOR BOX BASE ASSEMBLY,,,39
101328,BINARY INDUCTOR BOX ASSEMBLY,,,39
101329,LED POWER INDICATOR ASSEMBLY,,,39
101356,Resistor10 Ohm 1/8W ±.1%,,CR1206-8W-10r0ft,1
101357,Resistor 1206 100 Ohm 1% 1/4W,,CRCW1206100RFKEA,1
101360,Banana Plug Nickel,,530-108-0750-1,4
101363,"RF CONNECTOR PC JCK .155"" GLD",,901-144,4
101364,DB-SOT-23 Spin 1 SIERRA CIRUITS 235990-INTJ-1,,,38
101368,CONN DSUB COMBO 21P 21WA4 SKT RA,Conec,321WA4SCT56N40X,4
101369,Relay Reed SIP SPST 5V,Pickering,111-1-A-5/1,29
101371,RES 1.00K OHM 1/10W 1% 0603 SMD..,Panasonic,ERJ-3GEYJ102V,1
101373,RES 5.9K OHM 1/10W 1% 0603 SMD....,Panasonic,ERJ-3EKF5901V,1
101375,1000pF ±10% 100V Ceramic 3 X7R 0603 (1608 Metric),TDK Corporation,C1608X7R2A102K080AA,3
101376,CAP CER 0.1UF 16V 10CAP CERM 0.47uF -20% +80%% 16V Y5V 0603,Panasonic,ECJ-1VF1C474Z,3
101377,CAP CERM 10uF 20% 16V X5R 0805,TDK Corp,C2012X5R1C106M085AC,3
101379,IC VOLT COMPARATOR QUAD 14-SOP Open Collector,Texas Instruments,LM339DR,25
101380,IC FLASH 32MBIT 100MHZ 8SOIC,Adesto Technologies,AT25DQ321-SH-B,25
101381,Dual Extended Mux SP1,"Bay Area Circuits, Inc.",,38
101382,High Power SP6,"Bay Area Circuits, Inc.",,38
101383,Headers & Wire Housings CST-100 CRIMP CNT,TE,770666-1,4
101384,Headers & Wire Housings 2P CST-100 HOUSING,TE,770602-2,4
101385,FUSE FAST 125VAC 4A RADIAL,TE,39514000440,4
101386,4A Fuse for CC,,,23
101388,RES 100 OHM 1/10W 5% 0402 SMD,Panasonic Electronic Component,ERJ-2GEJ101X,1
101390,RES 0.0 OHM 1/10W 0603 SMD,Panasonic,ERJ-3GEY0R00V,1
101391,AP CER 10000PF 100V X7R 0603,TDK,C1608X7R2A103K080AA,3
101392,CAP CER 0.1UF 16V 10% X5R 0402,TDK Corp,C1005X5R1C104K050BA,3
101393,Hard Metric Connectors 110P Z/PK F/M HDR,3M,5352152-1,4
101394,INDUCTOR HIGH CURRENT 8.2UH SMD,Cooper Bussman,HCM0703-8R2-R,26
101395,DUAL PIN DRIVER,Maxim Integrated,MAX9979KCTK,25
101396,IC REG LDO 15V 2A TO-220,STMicroelectronics,L78S15CV,25
101397,C REG BUCK ADJ 3A 8PSOP,Texas Instruments,LM22670MRE-ADJ/NOPB,25
101398,IC FPGA SPARTAN 6 74K 484CSGBGA,Xilinx Inc,XC6SLX75-2CSG484C,25
101399,IC SDRAM 1GB 166MHZ 90VFBGA,Micron Technology Inc,MT46H32M32LFB5-6 IT,25
101400,IC ADC 12BIT SRL/PAR 64LQFP,Texas Instruments,ADS8528SPM,25
101401,CAP CER 33PF 2KV 10% NP0 1206,Kemet,C1206C330KGGACTU,3
101402,INDUCTOR 47UH .76A 10% AXIAL,Abracon Corp.,AIAP-01-470-K-T,26
101403,DIODE SMALL SIG 125V 0.2A SOD80,Fairchild Semiconductor,FDLL300A,6
101404,CONN HEADER XH TOP 3POS 2.5MM..,JST Sales America Inc,B3B-XH-AM(LF)(SN)(P),4
101405,CONN HEADER 4POS 2.5MM STR TIN....,Hirose Electric Co Ltd,DF1EC-4P-2.5DSA(05),4
101406,CONN HEADER TYP-B 110POS VERT AU....,FCI,HM2P70PDE121N9LF,4
101407,CONN RECEPT 2MM DUAL SMD 40POS......,Sullins Connector Solutions,NPPN202FFKS-RC,4
101408,FUSE STRIP 60 W/O HOUSING250A......,Littelfuse Inc,157.5700.6251,23
101409,RES 330 OHM 3/4W 5% 2010 SMD....,Panasonic Electronic Component,ERJ-12ZYJ331U,1
101410,RES 390 OHM 1W 5% 2512 SMD....,Panasonic Electronic Component,ERJ-1TYJ391U,1
101411,IC CONTROLLR LI-ION 4.2V 8-MSOP....,Microchip Technology,MCP73828-4.2VUA,1
101412,IC BATT CHRGR LI-ION 24VQFN....,Texas Instruments,BQ24272RGET,25
101413,MOSFET 230 Amps 75V....,IXYS,IXTP230N075T2,25
101414,CONN HEADER 2MM DUAL STR 40POS....,Sullins Connector Solutions,NRPN202PAEN-RC,4
101415,RES 82 OHM 1W 10% AXIAL..,OHMITE,OA820KE,1
101416,HEADER TERM BLOCK 3POS 10.16MM,PHOENIX CONTACT,1969700,4
101417,IC REG LDO 2.2V 1A SOT223-3,"DIODES, INC",AP1117E33G-13,25
101418,RELAY SSR 50A 240VAC AC,CRYDOM CO,D2450-10,29
101419,D-SUB MIXED CONTACT CONNECTORS C37 WAY SHELL PIN,FCI,DC21WA4PA00LF,4
101420,Current Sense Resistors - SMD .001ohm 100watt 1% 4 Terminal SOT227,Ohmite,TGHGCR0010FE,1
101421,MOSFET N-CH 600V 106A TO-247,MICROSEMI POWER PRODUCTS GROUP,APT106N60B2C6,27
101422,SOCKET RELAY PC MNT FOR VF4 SER,TE CONNECTIVITY,VCF4-1000,4
101423,IC OPAMP BUFFER 100MHZ 8SOPWRPAD,TEXAS INSTRUMENTS,LMH6321MR/NOPB,25
101424,CAP CER 39PF 3KV 10% NP0 1808,TDK CORP,C4520C0G3F390K160KA,3
101425,CAP CER 15PF 3KV 10% NP0 1808,TDK CORP,C4520C0G3F150K110KA,3
101426,IC DRIVER HV HI/LOW SIDE 16SOIC,ST MICRO,L6390DTR,25
101427,MOSFET N-CH 650 0.014 OHM,ST MICRO,STY139N65M5,27
101428,SCHOTTKY DIODE 20A 600V,ROHM,SCS220AGC,6
101429,MOSFET N-CH 24V 429A D2PAK-7,IR,IRF1324S-7PPBF,27
101430,AUTOMOTIVE RELAYS 40A 12VDC 1 FORM C SEALED QC,PANASONIC,CB1-12V,29
101432,IC INVERTER HEX 1INPUT 14SOICN,TEXAS INSTRUMENTS,SN74LV06ADR,25
101433,IS OSC MONO TIMING 2.1 MHZ,TEXAS INSTRUMENTS,TLC555CD,25
101434,Heavy Duty Power Connectors 2Rx8P R/A PCB RECEPT SLDR SNAP W/ LATCH,Anderson Power Products,PM216FRALSB,4
101435,RF Connectors / Coaxial Connectors BNC JACK VERT PCB 75OHM,Molex,73171-1900,4
101436,IC REG INV 1A TSOT23-5,Linear Technology,LT1931AES5#TRMPBF,25
101437,Heavy Duty Power Connectors 2Rx8P R/A PCB MALE BRACKET W/ LATCH,Anderson Power Products,PM216MRALSB,4
101438,CONN 40POS 2MM SOCKET VERT PC MT,3M,150240-6002-RB,4
101439,DIL VERTICAL PC TAIL PIN HEADER,Harwin Inc,M22-2581005,4
101441,LED IND 5MM RA RED/GRN WHT DIFF,Kingbright Company LLC,WP59BL/EGW,7
101442,IC CPLD 144MC 10NS 144TQFP,Xilinx Inc,XC95144XL-10TQG144C,25
101443,CAP ALUM 470UF 20% 25V SMD,PANASONIC,EEE-FK1E471P,3
101444,CAP ALUM 680UF 16V 20% SMD,PANASONIC,EEE-FK1C681P,3
101445,MBXL VERT RCPT 4P+16S+3P,TE Connectivity,5-6450540-4,4
101446,MBXLVERTHDR4P+16S+3P,TE Connectivity,2-6600333-5,4
101447,Heavy Duty Power Connectors 3Rx8P R/A PCB FEMALE BRACKET W/ LATCH,Anderson Power Products,PM324FRALSB,4
101449,RES SMD 40.2 OHM 1% 1/4W 1206,Yageo,RC1206FR-0740R2L,1
101450,RES SMD 1.5K OHM 1% 1/8W 0805,Panasonic - ECG,ERJ-6ENF1501V,1
101451,IC 8CH ANALOG SWITCH 48LQFP,Microchip Technology,HV2201FG-G-M931,25
101452,TERM BLOCK HDR 6POS R/A 10.16MM,Phoenix Contact,1998975,4
101453,Digital to Analog Converters - DAC Quad 16 bit 4-ch w/ I2C interface,Analog Devices,AD5696BRUZ,25
101454,CONVERT DC/DC 2W 15V 133MA OUT,"CUI, INC.",PDM2-S12-S15-S,5
101455,SWITCH POWER 250MA 800VAC 6-SMT,IXYX,CPC1972GSTR,30
101456,DPDT-NO 12VDC,OMRON,G6B-2214P-US-DC12,29
101457,RES SMD 0.2 OHM 1% 2W 4527,Vishay Dale,WSR2R2000FEA,1
101458,RES SMD 2.37K OHM 0.1% 1/8W 0805,Panasonic Electronic Components,ERA-6AEB2371V,1
101459,IC COMPARATOR TTL SNGL HS 8-SOIC,Maxim,MAX913CSA+,25
101460,CAP CER 680PF 50V 5% NP0 0805,Murata Electronics North America,GRM2165C1H681JA01D,3
101461,CAP CER 1300PF 50V 5% NP0 0805,Murata Electronics North America,GRM2165C1H132JA01D,3
101462,CAP CER 8200PF 50V 5% NP0 0805,Murata Electronics North America,GRM2195C1H822JA01D,3
101463,CAP CER 2000PF 50V 5% NP0 0805,Murata Electronics North America,GRM2165C1H202JA01D,3
101464,CAP CER 0.022UF 50V 5% NP0 0805,Murata Electronics North America,GRM21B5C1H223JA01L,3
101465,CAP CER 3300PF 100V 5% NP0 0805,Murata Electronics North America,GCM2165C2A332JA16D,3
101466,CAP CER 47PF 2KV 5% NP0 1206,Johanson Dielectrics Inc.,202R18N470JV4E,3
101467,CONN CARDEDGE PIN 0.156 RIGHT ANGLE,Sullins Connector Solutions,ACM22DRAH,4
101468,CONN CARDEDGE 44PIN 0.156 VERTICAL,Sullins Connector Solutions,ACM22DRXH,4
101469,SENSOR CURRENT HALL 200A AC/DC,LEM USA Inc,LA200-P,33
101470,DPST-NO 5A 12VDC Coil Relay,Omron Electronics,G6B-2214P-US-P6B DC12,29
101471,CONN SOCKET RCPT .026-.029 30AU,TE Connectivity,3-5331677-8,4
101472,MOSFET N-CH 650V 130A MAX247,STMicroelectronics,STY139N65M5,27
101473,CONN HEADER 14 POS RT ANGLE GOLD,3M,N2514-5002-RB,4
101474,CAP CER 10UF 100V X7S 2220,TDK Corporation,C5750X7S2A106M230KB,3
101475,10P STR HEADER LONG LATCH,3M,D3793-6302-AR,4
101476,"THERMAL PAD TO-220 .009"" SP600",Bergquist,SP600-58,45
101479,IC MOBO SPIN 4 - BLANK PCB,SAE,,38
101481,MDM CONTROL SPIN 2 - BLANK PCB,SAE,,38
101482,MDM RELAY SPIN 2 - BLANK PCB,SAE,,38
101484,Enclosure - 9 Pin Adapter Plate,Precision Design & Machine,FT/9PIN,40
101485,Enclosure - 15 Pin Adapter Plate,Precision Design & Machine,FT/15PIN,40
101486,Enclosure - Aluminum Cable Bracket ,Precision Design & Machine,FT/0099,40
101487,Enclosure End Plate - CAL/QVI - Banana End  - Silked,Rainbow Signs,,40
101488,Enclosure End Plate - CAL/IC/QVI - CBITs End  - Machined,Precision Machine,,40
101489,Enclosure End Plate - CAL/IC - Banana/Ribbon End  - Machined,Precision Machine,,40
101490,Enclosure End Plate - CAL Box - CBITs End - Machined,Precision Machine,,40
101491,Enclosure End Plate - CAL Box - Banana End - Machined,Precision Machine,,40
101492,Enclosure End Plate - UHV - CBITs End  - Machined,Precision Machine,,40
101493,Enclosure End Plate - UHV - Banana End - Machined,Precision Machine,,40
101494,Enclosure End Plate - CAL/QVI - Banana End - Machined,Precision Machine,,40
101495,Enclosure End Plate - MDM - DUT End  - Machined,Precision Machine,,40
101496,Enclosure End Plate - MDM - DUT End  - Silked,Rainbow Signs,,40
101497,Enclosure End Plate - MDM - Test Head End - Machined,Precision Machine,,40
101498,Enclosure End Plate - MDM - Test Head End - Silked,Rainbow Signs,,40
101499,"AC Socket FILTER LINE 15A 1/4"" TERM SHIELD",TE Connectivity Corcom Filters,6609987-1,40
101500,DC Power Connectors 4 PN PANEL MT POWER MINI DIN,Kycon,KPJX-PM-4S,40
101501,"36V Power Supply Foot - BUMPER CYLIN 0.875"" DIA GRAY",Keystone Electronics,725,40
101502,AC MOBO SPIN 9 - BLANK PCB,SAE - Gunbarrel,,38
101504,DIGITAL SPIN 1 - BLANK PCB,Bay Area Circuits,,38
101506,"DIGITAL MULTIMETER, AUTO/MANUAL, 6-1/2",Keysight,34461A,46
101507,"40 Position Header Connector 0.100"" (2.54mm) Through Hole, Right Angle Gold ",Sullins Connector Solutions ,SFH11-PBPC-D20-RA-BK,4
101508,CONN HEADER 34POS 2MM VERT GOLD,"Molex, LLC",878313420,4
101510,RG CAL SPIN 3.2 - BLANK PCB,Bay Area Circuits,,38
101511,Heavy Duty Power Connectors Socket AWG 20-16 Au.75,Anderson Power Products,PM16S1620S32,4
101512,Heavy Duty Power Connectors 3Rx8P MALE CBL CONN HOOD STRAIN RELIEF,Anderson Power Products,PM324MOOLCH,4
101513,Heavy Duty Power Connectors 2Rx8P FEM CABLE CONN RECEPT STRAIN RELIEF,Anderson Power Products,PM216FOOLCH,4
101514,Heavy Duty Power Connectors 2Rx8P CABLE CONN MALE STRAIN RELIEF,Anderson Power Products,PM216MOOLCH,4
101515,"BOX ABS GRAY 3.15""L X 1.58""W - ILT, MUX, ADAPTER, DUT",Hammond Manufacturing,1551KGY,4
101516,Fixed Inductors 10 uH,API Delevan,1641R-103K,6
101517,MANUAL TEST STATION SPIN 4 - BLANK PCB,Bay Area Circuits,,38
101523,Enclosure DC Cable Housing - Blank Enclosure,Hammond Manufacturing,1599BSGY,40
101524,Enclosure AC Cable Housing - Blank Enclosure,Hammond Manufacturing,1599BSGY,40
101525,Enclosure DC Cable Housing - Machined,Precision Machine,,40
101526,Enclosure AC Cable Housing - Machined,Precision Machine,,40
101527,AC MOBO SPIN 10 - BLANK PCB,SAE - Gunbarrel,,38
101528,"24 Positions Header, Shrouded Connector 0.079"" (2.00mm) Through Hole, Right Angle Gold","Molex, LLC",87833-2420,4
101529,"24 Positions Header, Shrouded Connector 0.079"" (2.00mm) Through Hole Gold","Molex, LLC",878312420,4
101530,RES SMD 52.3 OHM 1% 1/4W 1206,Rohm Semiconductor,MCR18ERTF52R3,1
101531,RES SMD 590 OHM 1% 1/4W 1206                          ,Rohm Semiconductor,MCR18ERTF5900,1
101532,RES SMD 1.13K OHM 1% 1/4W 1206,Rohm Semiconductor,MCR18ERTF1131,1
101533,HIGH POWER SPIN 7 - BLANK PCB,SAE,,38
101534,680pF 50V ±10% CERAM X7R,Yageo,CC1206KRX7R9BB681,3
101535,CONN D-SUB RCPT 9POS R/A SOLDER,TE Connectivity,1734354-1,4
101536,SWITCH ROTARY 5POS 500MA 24V,CK,RM105002BCB,30
101537,MOSFET N-CH 50V 0.5A SOT23,Diodes Inc,DMN53D0L-7,27
101538,SWITCH PIANO DIP SPST 50MA 24V,CTS,194-3MST,30
101539,Heavy Duty Power Connectors 2x8 Straight PCB FEMALE No Latch,Anderson Power Products,PM216FBAOOO,4
101540,"37POS D-SUB FEMALE Straight, long body, thru-hole pins",TE Connectivity,5745413-1,4
101541,"CONN HEADR FMALE 26POS .1"" DL AU",Sullins Connector Solutions,SFH11-PBPC-D13-ST-BK,4
101542,SWITCH PIANO DIP SPST 50MA 24V,CTS,194-2MST,4
101543,RES SMD 4.99K OHM 1% 1/4W 0603,Vishay Dale,CRCW06034K99FKEAHP,1
101544,RES SMD 220 OHM 1% 1/4W 0603,Panasonic Electronic Components,ERJ-PA3F2200V,1
101545,CONN D-SUB RCPT 15POS R/A SOLDER,TE Connectivity AMP Connectors,747845-4,4
101546,CONN DIN RCPT 50POS PCB GOLD,Hirose Electric Co Ltd,PCN10-50S-2.54DSA(72),4
101547,CONN DIN HDR 50POS PCB RA GOLD,Hirose Electric Co Ltd,PCN10-50P-2.54DS(72),4
101548,General Purpose Relays Power PCB Relay 8A 12VDC DPDT Sealed,Omron,G2RL24CFDC12,29
101549,"INSERTER/EXTRACTOR .100X.35""",Essentra Components,R11073-093,33
101550,MOSFET N-channel 1500 V 4 A PowerMESH,STMicroelectronics,STFW4N150,27
101551,CONN RCPT 40POS 0.1 GOLD PCB,3M,8540-4500PL,4
101552,CONN D-SUB RCPT 25POS VERT SLDR,Amphenol ICC,D25S24A4GV00LF,4
101553,CONN D-SUB RCPT 37POS VERT SLDR,Amphenol ICC,D37S24A4GV00LF,4
101554,CONN D-SUB RCPT 9POS VERT SOLDER,Amphenol ICC,D09S24A4GV00LF,4
